image_id,predicted_label
8080.jpg,0.23370825
8081.jpg,0.48942527
8082.jpg,0.31036523
8083.jpg,0.27413025
8084.jpg,0.8924439
8085.jpg,0.3166602
8086.jpg,0.6617257
8087.jpg,0.6584991
8088.jpg,0.3915842
8089.jpg,0.7134451
8090.jpg,0.4944601
8091.jpg,0.38206863
8092.jpg,0.84058094
8093.jpg,0.24652116
8094.jpg,0.48413122
8095.jpg,0.5936986
8096.jpg,0.5595324
8097.jpg,0.8440573
8098.jpg,0.22524992
8099.jpg,0.39841005
8100.jpg,0.24701071
8101.jpg,0.28165856
8102.jpg,0.50582933
8103.jpg,0.9191014
8104.jpg,0.350488
8105.jpg,0.20387325
8106.jpg,0.50495267
8107.jpg,0.70882094
8108.jpg,0.23962955
8109.jpg,0.39090103
8110.jpg,0.22309567
8111.jpg,0.44980356
8112.jpg,0.38360366
8113.jpg,0.77597016
8114.jpg,0.47637212
8115.jpg,0.3112938
8116.jpg,0.16058388
8117.jpg,0.14267117
8118.jpg,0.4238726
8119.jpg,0.50315404
8120.jpg,0.77005386
8121.jpg,0.4313173
8122.jpg,0.3607909
8123.jpg,0.21548684
8124.jpg,0.5980216
8125.jpg,0.43960714
8126.jpg,0.50162923
8127.jpg,0.41370603
8128.jpg,0.4212063
8129.jpg,0.571756
8130.jpg,0.7193284
8131.jpg,0.36564678
8132.jpg,0.355806
8133.jpg,0.44689903
8134.jpg,0.29031992
8135.jpg,0.8117777
8136.jpg,0.4955554
8137.jpg,0.63612914
8138.jpg,0.40267697
8139.jpg,0.49862158
8140.jpg,0.3559829
8141.jpg,0.54220784
8142.jpg,0.25465757
8143.jpg,0.26352248
8144.jpg,0.53038836
8145.jpg,0.89350617
8146.jpg,0.24134678
8147.jpg,0.41395256
8148.jpg,0.35990822
8149.jpg,0.28680873
8150.jpg,0.41600224
8151.jpg,0.49982837
8152.jpg,0.21221468
8153.jpg,0.34511536
8154.jpg,0.38555115
8155.jpg,0.32226902
8156.jpg,0.3212081
8157.jpg,0.26637062
8158.jpg,0.32800993
8159.jpg,0.46741974
8160.jpg,0.6757501
8161.jpg,0.25037774
8162.jpg,0.52158535
8163.jpg,0.28086755
8164.jpg,0.37045673
8165.jpg,0.36919418
8166.jpg,0.6490442
8167.jpg,0.2564648
8168.jpg,0.23845313
8169.jpg,0.53565645
8170.jpg,0.30706248
8171.jpg,0.45496643
8172.jpg,0.17018276
8173.jpg,0.70936894
8174.jpg,0.46873197
8175.jpg,0.27821612
8176.jpg,0.804706
8177.jpg,0.2736715
8178.jpg,0.24596466
8179.jpg,0.39279625
8180.jpg,0.53996766
8181.jpg,0.31048775
8182.jpg,0.35570183
8183.jpg,0.46638846
8184.jpg,0.21414849
8185.jpg,0.42991388
8186.jpg,0.48537377
8187.jpg,0.5723743
8188.jpg,0.6683543
8189.jpg,0.36025953
8190.jpg,0.72670037
8191.jpg,0.32290697
8192.jpg,0.49256274
8193.jpg,0.48510665
8194.jpg,0.5524937
8195.jpg,0.6018095
8196.jpg,0.3843215
8197.jpg,0.30684698
8198.jpg,0.49296787
8199.jpg,0.58091414
8200.jpg,0.16158144
8201.jpg,0.6152489
8202.jpg,0.4101606
8203.jpg,0.5805103
8204.jpg,0.43946493
8205.jpg,0.4010324
8206.jpg,0.4734312
8207.jpg,0.44800356
8208.jpg,0.7253541
8209.jpg,0.34366107
8210.jpg,0.18381877
8211.jpg,0.60098505
8212.jpg,0.5769584
8213.jpg,0.32354423
8214.jpg,0.62253
8215.jpg,0.38662347
8216.jpg,0.2594192
8217.jpg,0.34855673
8218.jpg,0.57104015
8219.jpg,0.5234488
8220.jpg,0.490365
8221.jpg,0.28384137
8222.jpg,0.386353
8223.jpg,0.5073527
8224.jpg,0.80049133
8225.jpg,0.1795807
8226.jpg,0.5360624
8227.jpg,0.19621874
8228.jpg,0.21991992
8229.jpg,0.25164953
8230.jpg,0.1325422
8231.jpg,0.3086901
8232.jpg,0.5292671
8233.jpg,0.671751
8234.jpg,0.5269854
8235.jpg,0.7684395
8236.jpg,0.37977034
8237.jpg,0.5077313
8238.jpg,0.4071529
8239.jpg,0.83127606
8240.jpg,0.28281435
8241.jpg,0.35836896
8242.jpg,0.19532494
8243.jpg,0.8160294
8244.jpg,0.47659796
8245.jpg,0.50498444
8246.jpg,0.6758287
8247.jpg,0.53461057
8248.jpg,0.85901177
8249.jpg,0.46711805
8250.jpg,0.44498065
8251.jpg,0.31586638
8252.jpg,0.20055549
8253.jpg,0.4302804
8254.jpg,0.45334333
8255.jpg,0.58741677
8256.jpg,0.12874484
8257.jpg,0.3618018
8258.jpg,0.2061373
8259.jpg,0.3172662
8260.jpg,0.33430102
8261.jpg,0.42137894
8262.jpg,0.59481597
8263.jpg,0.29924798
8264.jpg,0.47133905
8265.jpg,0.52124894
8266.jpg,0.1951597
8267.jpg,0.20517944
8268.jpg,0.58541137
8269.jpg,0.20316207
8270.jpg,0.63503134
8271.jpg,0.60171217
8272.jpg,0.3706204
8273.jpg,0.26564196
8274.jpg,0.36936796
8275.jpg,0.37825915
8276.jpg,0.4672597
8277.jpg,0.60888886
8278.jpg,0.659271
8279.jpg,0.2753566
8280.jpg,0.55705416
8281.jpg,0.44632998
8282.jpg,0.57765615
8283.jpg,0.43860224
8284.jpg,0.36093763
8285.jpg,0.5873904
8286.jpg,0.45246878
8287.jpg,0.53916436
8288.jpg,0.42147407
8289.jpg,0.32041958
8290.jpg,0.6492983
8291.jpg,0.18404932
8292.jpg,0.26682287
8293.jpg,0.60626847
8294.jpg,0.47181115
8295.jpg,0.6144541
8296.jpg,0.48134637
8297.jpg,0.24404873
8298.jpg,0.2427901
8299.jpg,0.3663138
8300.jpg,0.54531634
8301.jpg,0.24760701
8302.jpg,0.5922178
8303.jpg,0.512444
8304.jpg,0.3466976
8305.jpg,0.43185917
8306.jpg,0.5098552
8307.jpg,0.40690047
8308.jpg,0.67961097
8309.jpg,0.71711266
8310.jpg,0.3886466
8311.jpg,0.67028
8312.jpg,0.58249193
8313.jpg,0.6518786
8314.jpg,0.25374666
8315.jpg,0.525788
8316.jpg,0.20998667
8317.jpg,0.7734647
8318.jpg,0.41998184
8319.jpg,0.6144018
8320.jpg,0.16701852
8321.jpg,0.4275432
8322.jpg,0.22006239
8323.jpg,0.24756308
8324.jpg,0.4294642
8325.jpg,0.8680632
8326.jpg,0.24730384
8327.jpg,0.52875966
8328.jpg,0.27448466
8329.jpg,0.44505215
8330.jpg,0.9077826
8331.jpg,0.41735286
8332.jpg,0.26012143
8333.jpg,0.29175478
8334.jpg,0.3431257
8335.jpg,0.3622537
8336.jpg,0.46238682
8337.jpg,0.3609422
8338.jpg,0.16837476
8339.jpg,0.6924543
8340.jpg,0.33672974
8341.jpg,0.37007064
8342.jpg,0.44359052
8343.jpg,0.24135639
8344.jpg,0.22812101
8345.jpg,0.3915915
8346.jpg,0.2894371
8347.jpg,0.4912907
8348.jpg,0.17491174
8349.jpg,0.44752663
8350.jpg,0.6859567
8351.jpg,0.24697614
8352.jpg,0.42182186
8353.jpg,0.3951782
8354.jpg,0.17189416
8355.jpg,0.5760917
8356.jpg,0.3713502
8357.jpg,0.35067323
8358.jpg,0.55433357
8359.jpg,0.51715684
8360.jpg,0.3090558
8361.jpg,0.64684665
8362.jpg,0.26283202
8363.jpg,0.6843311
8364.jpg,0.88455224
8365.jpg,0.56994593
8366.jpg,0.6189516
8367.jpg,0.77447045
8368.jpg,0.31832364
8369.jpg,0.3861313
8370.jpg,0.27228016
8371.jpg,0.3013836
8372.jpg,0.37317088
8373.jpg,0.24142107
8374.jpg,0.44647148
8375.jpg,0.44733226
8376.jpg,0.44735754
8377.jpg,0.5093728
8378.jpg,0.28107694
8379.jpg,0.36893162
8380.jpg,0.47212484
8381.jpg,0.26150513
8382.jpg,0.35727975
8383.jpg,0.4743135
8384.jpg,0.29629925
8385.jpg,0.27702317
8386.jpg,0.488422
8387.jpg,0.57384354
8388.jpg,0.3878423
8389.jpg,0.32494545
8390.jpg,0.15780291
8391.jpg,0.40712988
8392.jpg,0.3495904
8393.jpg,0.48561305
8394.jpg,0.28236136
8395.jpg,0.54892725
8396.jpg,0.2668565
8397.jpg,0.5214592
8398.jpg,0.5533054
8399.jpg,0.43120596
8400.jpg,0.22199595
8401.jpg,0.5628195
8402.jpg,0.17515531
8403.jpg,0.44445384
8404.jpg,0.16022953
8405.jpg,0.5099399
8406.jpg,0.6908564
8407.jpg,0.61647195
8408.jpg,0.2061537
8409.jpg,0.23013136
8410.jpg,0.4454727
8411.jpg,0.35590914
8412.jpg,0.45828488
8413.jpg,0.4030385
8414.jpg,0.86773825
8415.jpg,0.3234594
8416.jpg,0.41878945
8417.jpg,0.51493174
8418.jpg,0.4911712
8419.jpg,0.40010974
8420.jpg,0.2922727
8421.jpg,0.6763481
8422.jpg,0.34175912
8423.jpg,0.1860531
8424.jpg,0.2731085
8425.jpg,0.2471342
8426.jpg,0.48566708
8427.jpg,0.4510875
8428.jpg,0.73651844
8429.jpg,0.62857
8430.jpg,0.4157028
8431.jpg,0.20202057
8432.jpg,0.4882456
8433.jpg,0.47376654
8434.jpg,0.68273354
8435.jpg,0.64715093
8436.jpg,0.7229698
8437.jpg,0.5787528
8438.jpg,0.74271905
8439.jpg,0.46799752
8440.jpg,0.4683833
8441.jpg,0.88856345
8442.jpg,0.19183573
8443.jpg,0.8477206
8444.jpg,0.6131519
8445.jpg,0.30293036
8446.jpg,0.3042386
8447.jpg,0.42518926
8448.jpg,0.6181781
8449.jpg,0.28061515
8450.jpg,0.22400229
8451.jpg,0.44601938
8452.jpg,0.47201794
8453.jpg,0.29242802
8454.jpg,0.65649986
8455.jpg,0.56460655
8456.jpg,0.6145699
8457.jpg,0.6033242
8458.jpg,0.31626529
8459.jpg,0.59932137
8460.jpg,0.10457121
8461.jpg,0.4594961
8462.jpg,0.40165895
8463.jpg,0.5542969
8464.jpg,0.30220252
8465.jpg,0.5953245
8466.jpg,0.48617744
8467.jpg,0.32084653
8468.jpg,0.83178806
8469.jpg,0.6686883
8470.jpg,0.72156024
8471.jpg,0.2603282
8472.jpg,0.38942203
8473.jpg,0.6509813
8474.jpg,0.28543982
8475.jpg,0.2673873
8476.jpg,0.34709132
8477.jpg,0.40808225
8478.jpg,0.27305898
8479.jpg,0.466416
8480.jpg,0.2501119
8481.jpg,0.7373964
8482.jpg,0.6989212
8483.jpg,0.6544127
8484.jpg,0.28590497
8485.jpg,0.75397134
8486.jpg,0.16674505
8487.jpg,0.19552653
8488.jpg,0.44053668
8489.jpg,0.6841234
8490.jpg,0.54731786
8491.jpg,0.65916747
8492.jpg,0.47880247
8493.jpg,0.41618592
8494.jpg,0.33130264
8495.jpg,0.12721542
8496.jpg,0.4762322
8497.jpg,0.46868643
8498.jpg,0.5114789
8499.jpg,0.50813484
8500.jpg,0.28567335
8501.jpg,0.46551344
8502.jpg,0.5758342
8503.jpg,0.60826325
8504.jpg,0.25079167
8505.jpg,0.54207873
8506.jpg,0.2976818
8507.jpg,0.2706287
8508.jpg,0.3315495
8509.jpg,0.4490391
8510.jpg,0.11450898
8511.jpg,0.48950323
8512.jpg,0.34531596
8513.jpg,0.3548638
8514.jpg,0.671953
8515.jpg,0.23324083
8516.jpg,0.49706748
8517.jpg,0.7947515
8518.jpg,0.2539517
8519.jpg,0.33278862
8520.jpg,0.3688379
8521.jpg,0.20789504
8522.jpg,0.6204174
8523.jpg,0.43167832
8524.jpg,0.34491238
8525.jpg,0.47998944
8526.jpg,0.41319
8527.jpg,0.51444525
8528.jpg,0.36372
8529.jpg,0.31304196
8530.jpg,0.78189915
8531.jpg,0.40655392
8532.jpg,0.3462574
8533.jpg,0.4144452
8534.jpg,0.32649365
8535.jpg,0.5556465
8536.jpg,0.4504109
8537.jpg,0.3706809
8538.jpg,0.4909332
8539.jpg,0.5968624
8540.jpg,0.6253729
8541.jpg,0.95593995
8542.jpg,0.38753185
8543.jpg,0.36971515
8544.jpg,0.54997003
8545.jpg,0.42242894
8546.jpg,0.37213752
8547.jpg,0.8294851
8548.jpg,0.41976434
8549.jpg,0.3234833
8550.jpg,0.35889056
8551.jpg,0.41432318
8552.jpg,0.3785361
8553.jpg,0.4801115
8554.jpg,0.5849506
8555.jpg,0.46752328
8556.jpg,0.38129795
8557.jpg,0.4331831
8558.jpg,0.43234265
8559.jpg,0.52452195
8560.jpg,0.14290671
8561.jpg,0.79095584
8562.jpg,0.49423492
8563.jpg,0.5971973
8564.jpg,0.09539308
8565.jpg,0.5748481
8566.jpg,0.7608692
8567.jpg,0.20751819
8568.jpg,0.18328163
8569.jpg,0.5474134
8570.jpg,0.5188574
8571.jpg,0.44602558
8572.jpg,0.49848154
8573.jpg,0.33395648
8574.jpg,0.3184438
8575.jpg,0.19489357
8576.jpg,0.2472712
8577.jpg,0.6595252
8578.jpg,0.23291634
8579.jpg,0.5191211
8580.jpg,0.35916135
8581.jpg,0.3817917
8582.jpg,0.6445773
8583.jpg,0.31927714
8584.jpg,0.5801434
8585.jpg,0.46435946
8586.jpg,0.4618222
8587.jpg,0.5057018
8588.jpg,0.21652378
8589.jpg,0.1876908
8590.jpg,0.26458806
8591.jpg,0.20787919
8592.jpg,0.2139592
8593.jpg,0.39379206
8594.jpg,0.59493715
8595.jpg,0.40571803
8596.jpg,0.41638574
8597.jpg,0.3066153
8598.jpg,0.4140135
8599.jpg,0.59947056
8600.jpg,0.22582865
8601.jpg,0.22688442
8602.jpg,0.43541083
8603.jpg,0.50406265
8604.jpg,0.54383135
8605.jpg,0.52984214
8606.jpg,0.36056516
8607.jpg,0.27789593
8608.jpg,0.35271567
8609.jpg,0.5457779
8610.jpg,0.6421339
8611.jpg,0.32142624
8612.jpg,0.3705956
8613.jpg,0.5440664
8614.jpg,0.39664674
8615.jpg,0.22463009
8616.jpg,0.7101441
8617.jpg,0.6185374
8618.jpg,0.1363282
8619.jpg,0.680556
8620.jpg,0.38344994
8621.jpg,0.46427262
8622.jpg,0.39661393
8623.jpg,0.31059057
8624.jpg,0.5029373
8625.jpg,0.22614487
8626.jpg,0.423238
8627.jpg,0.3122394
8628.jpg,0.59713846
8629.jpg,0.13762948
8630.jpg,0.7964044
8631.jpg,0.367912
8632.jpg,0.760504
8633.jpg,0.20484902
8634.jpg,0.34177178
8635.jpg,0.592006
8636.jpg,0.3854665
8637.jpg,0.45311987
8638.jpg,0.69992346
8639.jpg,0.40479717
8640.jpg,0.23675486
8641.jpg,0.6155729
8642.jpg,0.79907364
8643.jpg,0.45009002
8644.jpg,0.3655123
8645.jpg,0.63171524
8646.jpg,0.19585599
8647.jpg,0.3448683
8648.jpg,0.4477571
8649.jpg,0.533336
8650.jpg,0.25411895
8651.jpg,0.2797322
8652.jpg,0.5292043
8653.jpg,0.35220006
8654.jpg,0.33512297
8655.jpg,0.3752495
8656.jpg,0.5152949
8657.jpg,0.6912428
8658.jpg,0.4432836
8659.jpg,0.43956172
8660.jpg,0.47440484
8661.jpg,0.40264344
8662.jpg,0.20140505
8663.jpg,0.25626326
8664.jpg,0.44047922
8665.jpg,0.47330436
8666.jpg,0.45051038
8667.jpg,0.25008476
8668.jpg,0.26744986
8669.jpg,0.43510613
8670.jpg,0.3251469
8671.jpg,0.26379946
8672.jpg,0.08571972
8673.jpg,0.6114894
8674.jpg,0.3262391
8675.jpg,0.7017157
8676.jpg,0.36706534
8677.jpg,0.33285928
8678.jpg,0.40376678
8679.jpg,0.34564713
8680.jpg,0.42104983
8681.jpg,0.14477587
8682.jpg,0.42450362
8683.jpg,0.541139
8684.jpg,0.53447765
8685.jpg,0.5599636
8686.jpg,0.342994
8687.jpg,0.4807235
8688.jpg,0.6693137
8689.jpg,0.23169683
8690.jpg,0.25516102
8691.jpg,0.12906827
8692.jpg,0.38921267
8693.jpg,0.22788243
8694.jpg,0.5489348
8695.jpg,0.37694672
8696.jpg,0.47222966
8697.jpg,0.4794599
8698.jpg,0.34662467
8699.jpg,0.39122808
8700.jpg,0.5282541
8701.jpg,0.4798026
8702.jpg,0.58693945
8703.jpg,0.23528565
8704.jpg,0.3028406
8705.jpg,0.7348334
8706.jpg,0.30171037
8707.jpg,0.24882615
8708.jpg,0.21269481
8709.jpg,0.2665733
8710.jpg,0.24825802
8711.jpg,0.3253199
8712.jpg,0.37963805
8713.jpg,0.3610551
8714.jpg,0.2821459
8715.jpg,0.5118625
8716.jpg,0.5024567
8717.jpg,0.31598195
8718.jpg,0.57402045
8719.jpg,0.39985
8720.jpg,0.40812105
8721.jpg,0.25720704
8722.jpg,0.40797713
8723.jpg,0.42223537
8724.jpg,0.37230682
8725.jpg,0.31076646
8726.jpg,0.40771857
8727.jpg,0.35485
8728.jpg,0.39094317
8729.jpg,0.44873127
8730.jpg,0.3683631
8731.jpg,0.4650915
8732.jpg,0.14724025
8733.jpg,0.1584551
8734.jpg,0.25934836
8735.jpg,0.58352244
8736.jpg,0.606559
8737.jpg,0.22928575
8738.jpg,0.53826034
8739.jpg,0.38556534
8740.jpg,0.26460817
8741.jpg,0.29955176
8742.jpg,0.5744236
8743.jpg,0.2690183
8744.jpg,0.089548096
8745.jpg,0.32083023
8746.jpg,0.5329587
8747.jpg,0.134017
8748.jpg,0.14211185
8749.jpg,0.328968
8750.jpg,0.48772755
8751.jpg,0.56393915
8752.jpg,0.19982606
8753.jpg,0.26697773
8754.jpg,0.6288029
8755.jpg,0.29033384
8756.jpg,0.0813803
8757.jpg,0.33387166
8758.jpg,0.23228522
8759.jpg,0.33575875
8760.jpg,0.36009398
8761.jpg,0.31683058
8762.jpg,0.29467
8763.jpg,0.21729372
8764.jpg,0.4284081
8765.jpg,0.22807162
8766.jpg,0.433037
8767.jpg,0.465075
8768.jpg,0.7165339
8769.jpg,0.5711807
8770.jpg,0.6795957
8771.jpg,0.25290933
8772.jpg,0.2959993
8773.jpg,0.2648629
8774.jpg,0.5121547
8775.jpg,0.59185916
8776.jpg,0.47834015
8777.jpg,0.50490767
8778.jpg,0.75791615
8779.jpg,0.6022897
8780.jpg,0.17318021
8781.jpg,0.52234435
8782.jpg,0.34681678
8783.jpg,0.285573
8784.jpg,0.6340691
8785.jpg,0.35806733
8786.jpg,0.36998865
8787.jpg,0.13457571
8788.jpg,0.370906
8789.jpg,0.6304736
8790.jpg,0.36338288
8791.jpg,0.45394576
8792.jpg,0.52179295
8793.jpg,0.55660456
8794.jpg,0.7326123
8795.jpg,0.30292073
8796.jpg,0.3671171
8797.jpg,0.36830115
8798.jpg,0.39186743
8799.jpg,0.5157658
8800.jpg,0.13864467
8801.jpg,0.37512794
8802.jpg,0.6561904
8803.jpg,0.24238569
8804.jpg,0.3414921
8805.jpg,0.49588704
8806.jpg,0.28107923
8807.jpg,0.31678614
8808.jpg,0.3585949
8809.jpg,0.46320507
8810.jpg,0.41387907
8811.jpg,0.80643976
8812.jpg,0.38145006
8813.jpg,0.6831094
8814.jpg,0.40454403
8815.jpg,0.34766656
8816.jpg,0.37846938
8817.jpg,0.42436692
8818.jpg,0.30775046
8819.jpg,0.31800607
8820.jpg,0.47571295
8821.jpg,0.31074256
8822.jpg,0.24287406
8823.jpg,0.19762479
8824.jpg,0.50196797
8825.jpg,0.49965468
8826.jpg,0.6376681
8827.jpg,0.2988424
8828.jpg,0.4906765
8829.jpg,0.34543943
8830.jpg,0.33715802
8831.jpg,0.36824006
8832.jpg,0.38727292
8833.jpg,0.67934394
8834.jpg,0.48566917
8835.jpg,0.49742484
8836.jpg,0.63670814
8837.jpg,0.1866804
8838.jpg,0.27544713
8839.jpg,0.38053596
8840.jpg,0.3839436
8841.jpg,0.2528143
8842.jpg,0.5279163
8843.jpg,0.41847563
8844.jpg,0.7364496
8845.jpg,0.4905471
8846.jpg,0.6347949
8847.jpg,0.20448327
8848.jpg,0.26301074
8849.jpg,0.48524293
8850.jpg,0.47996333
8851.jpg,0.29473817
8852.jpg,0.31982788
8853.jpg,0.70663416
8854.jpg,0.5414131
8855.jpg,0.44824383
8856.jpg,0.52980703
8857.jpg,0.40095803
8858.jpg,0.43897238
8859.jpg,0.29204795
8860.jpg,0.39260957
8861.jpg,0.52921766
8862.jpg,0.6049615
8863.jpg,0.93402314
8864.jpg,0.41646993
8865.jpg,0.32821184
8866.jpg,0.36320844
8867.jpg,0.40781704
8868.jpg,0.51025045
8869.jpg,0.83031404
8870.jpg,0.74832803
8871.jpg,0.6587816
8872.jpg,0.33262825
8873.jpg,0.5233483
8874.jpg,0.56578934
8875.jpg,0.3269303
8876.jpg,0.26334283
8877.jpg,0.38381678
8878.jpg,0.66097265
8879.jpg,0.3128497
8880.jpg,0.47526503
8881.jpg,0.5049239
8882.jpg,0.3537312
8883.jpg,0.2758617
8884.jpg,0.3540607
8885.jpg,0.12533437
8886.jpg,0.23414253
8887.jpg,0.3760123
8888.jpg,0.46157253
8889.jpg,0.73650426
8890.jpg,0.3175321
8891.jpg,0.31967723
8892.jpg,0.33018222
8893.jpg,0.39391583
8894.jpg,0.257261
8895.jpg,0.5191778
8896.jpg,0.38306707
8897.jpg,0.669672
8898.jpg,0.45281702
8899.jpg,0.5005276
8900.jpg,0.56312686
8901.jpg,0.6304508
8902.jpg,0.29129377
8903.jpg,0.69527584
8904.jpg,0.6035526
8905.jpg,0.26082334
8906.jpg,0.40833825
8907.jpg,0.46361464
8908.jpg,0.22707373
8909.jpg,0.420808
8910.jpg,0.51038283
8911.jpg,0.46814007
8912.jpg,0.410641
8913.jpg,0.32691565
8914.jpg,0.58947057
8915.jpg,0.38116586
8916.jpg,0.74991775
8917.jpg,0.28362724
8918.jpg,0.52772176
8919.jpg,0.30695638
8920.jpg,0.3354044
8921.jpg,0.5622067
8922.jpg,0.31848246
8923.jpg,0.38941932
8924.jpg,0.31445232
8925.jpg,0.301305
8926.jpg,0.38147587
8927.jpg,0.29205358
8928.jpg,0.6989224
8929.jpg,0.48895997
8930.jpg,0.15680549
8931.jpg,0.40987217
8932.jpg,0.15237181
8933.jpg,0.47347373
8934.jpg,0.54051125
8935.jpg,0.61450994
8936.jpg,0.24142274
8937.jpg,0.6054379
8938.jpg,0.27147904
8939.jpg,0.18678099
8940.jpg,0.27756155
8941.jpg,0.54165614
8942.jpg,0.36157236
8943.jpg,0.547329
8944.jpg,0.21725078
8945.jpg,0.48308957
8946.jpg,0.5378341
8947.jpg,0.3148006
8948.jpg,0.27978304
8949.jpg,0.42583662
8950.jpg,0.17509116
8951.jpg,0.5041687
8952.jpg,0.50313914
8953.jpg,0.4771799
8954.jpg,0.41609392
8955.jpg,0.34930414
8956.jpg,0.53884166
8957.jpg,0.2908794
8958.jpg,0.15882051
8959.jpg,0.3524967
8960.jpg,0.7367979
8961.jpg,0.61965513
8962.jpg,0.46289888
8963.jpg,0.6076176
8964.jpg,0.42972073
8965.jpg,0.45484513
8966.jpg,0.38253608
8967.jpg,0.58540136
8968.jpg,0.71902394
8969.jpg,0.6965575
8970.jpg,0.3257412
8971.jpg,0.28028554
8972.jpg,0.22855571
8973.jpg,0.33688504
8974.jpg,0.5784661
8975.jpg,0.5942815
8976.jpg,0.34258464
8977.jpg,0.48609322
8978.jpg,0.7295601
8979.jpg,0.43541354
8980.jpg,0.37536943
8981.jpg,0.6166445
8982.jpg,0.28218234
8983.jpg,0.31108975
8984.jpg,0.7200451
8985.jpg,0.6861133
8986.jpg,0.3595421
8987.jpg,0.4727412
8988.jpg,0.5088563
8989.jpg,0.33458576
8990.jpg,0.26827896
8991.jpg,0.2160459
8992.jpg,0.51051587
8993.jpg,0.47918767
8994.jpg,0.6945847
8995.jpg,0.73872906
8996.jpg,0.48115087
8997.jpg,0.4556236
8998.jpg,0.25957194
8999.jpg,0.27275217
9000.jpg,0.5050668
9001.jpg,0.77211905
9002.jpg,0.2214301
9003.jpg,0.34003398
9004.jpg,0.44421536
9005.jpg,0.6745877
9006.jpg,0.72487545
9007.jpg,0.33831987
9008.jpg,0.1813854
9009.jpg,0.42477894
9010.jpg,0.16239329
9011.jpg,0.4705086
9012.jpg,0.32153657
9013.jpg,0.6208887
9014.jpg,0.50690556
9015.jpg,0.35913834
9016.jpg,0.35566226
9017.jpg,0.45730945
9018.jpg,0.46798444
9019.jpg,0.5432025
9020.jpg,0.33125696
9021.jpg,0.4442597
9022.jpg,0.530164
9023.jpg,0.27397716
9024.jpg,0.29989082
9025.jpg,0.24285941
9026.jpg,0.7172821
9027.jpg,0.49502218
9028.jpg,0.24871032
9029.jpg,0.66686416
9030.jpg,0.34529915
9031.jpg,0.44591072
9032.jpg,0.47737715
9033.jpg,0.32947677
9034.jpg,0.28437012
9035.jpg,0.24114747
9036.jpg,0.31587428
9037.jpg,0.23166466
9038.jpg,0.2717963
9039.jpg,0.8864516
9040.jpg,0.39686128
9041.jpg,0.2297005
9042.jpg,0.36038858
9043.jpg,0.50342304
9044.jpg,0.42609188
9045.jpg,0.34302768
9046.jpg,0.27140257
9047.jpg,0.23274647
9048.jpg,0.4562163
9049.jpg,0.5778567
9050.jpg,0.33868626
9051.jpg,0.6000294
9052.jpg,0.4863151
9053.jpg,0.60320485
9054.jpg,0.48005572
9055.jpg,0.5632421
9056.jpg,0.36708093
9057.jpg,0.52727413
9058.jpg,0.31771892
9059.jpg,0.30511695
9060.jpg,0.3927475
9061.jpg,0.4848616
9062.jpg,0.53122246
9063.jpg,0.503862
9064.jpg,0.7520824
9065.jpg,0.42030236
9066.jpg,0.39898074
9067.jpg,0.5668796
9068.jpg,0.33060616
9069.jpg,0.27036342
9070.jpg,0.853686
9071.jpg,0.3654267
9072.jpg,0.38784114
9073.jpg,0.492792
9074.jpg,0.55733114
9075.jpg,0.24778003
9076.jpg,0.7221633
9077.jpg,0.2492693
9078.jpg,0.7247334
9079.jpg,0.56091094
9080.jpg,0.8398699
9081.jpg,0.5259711
9082.jpg,0.3824142
9083.jpg,0.36461404
9084.jpg,0.2998991
9085.jpg,0.5648208
9086.jpg,0.6803815
9087.jpg,0.36589456
9088.jpg,0.18446511
9089.jpg,0.5478615
9090.jpg,0.38221836
9091.jpg,0.23203586
9092.jpg,0.6088673
9093.jpg,0.294506
9094.jpg,0.7296446
9095.jpg,0.41589046
9096.jpg,0.32979217
9097.jpg,0.49723634
9098.jpg,0.49553856
9099.jpg,0.5212613
9100.jpg,0.42955855
9101.jpg,0.18989192
9102.jpg,0.1439467
9103.jpg,0.50208014
9104.jpg,0.6089857
9105.jpg,0.53818786
9106.jpg,0.23450664
9107.jpg,0.30646497
9108.jpg,0.54200727
9109.jpg,0.31477067
9110.jpg,0.45632577
9111.jpg,0.28819266
9112.jpg,0.7228487
9113.jpg,0.40712866
9114.jpg,0.610165
9115.jpg,0.42883515
9116.jpg,0.5410634
9117.jpg,0.54640025
9118.jpg,0.5479241
9119.jpg,0.45165032
9120.jpg,0.6513827
9121.jpg,0.4692873
9122.jpg,0.27634886
9123.jpg,0.4129012
9124.jpg,0.28673777
9125.jpg,0.5023851
9126.jpg,0.27887544
9127.jpg,0.24533784
9128.jpg,0.6268716
9129.jpg,0.30743608
9130.jpg,0.19970131
9131.jpg,0.3101894
9132.jpg,0.42479196
9133.jpg,0.5703699
9134.jpg,0.48031837
9135.jpg,0.11565214
9136.jpg,0.38938656
9137.jpg,0.3847362
9138.jpg,0.55847687
9139.jpg,0.34172451
9140.jpg,0.77593243
9141.jpg,0.65637267
9142.jpg,0.8274823
9143.jpg,0.32135284
9144.jpg,0.3953811
9145.jpg,0.66908
9146.jpg,0.52928317
9147.jpg,0.5286504
9148.jpg,0.6130856
9149.jpg,0.39185426
9150.jpg,0.77277094
9151.jpg,0.3606219
9152.jpg,0.4434024
9153.jpg,0.30287534
9154.jpg,0.6185418
9155.jpg,0.92204326
9156.jpg,0.21868704
9157.jpg,0.51065063
9158.jpg,0.2234723
9159.jpg,0.60628927
9160.jpg,0.5440096
9161.jpg,0.6221028
9162.jpg,0.7943049
9163.jpg,0.4913985
9164.jpg,0.33097163
9165.jpg,0.3419447
9166.jpg,0.42041844
9167.jpg,0.19656761
9168.jpg,0.4347398
9169.jpg,0.3764176
9170.jpg,0.4520879
9171.jpg,0.3583834
9172.jpg,0.5290161
9173.jpg,0.45427743
9174.jpg,0.29610163
9175.jpg,0.32175013
9176.jpg,0.733506
9177.jpg,0.33684403
9178.jpg,0.31504107
9179.jpg,0.11193658
9180.jpg,0.8012651
9181.jpg,0.35026062
9182.jpg,0.30338833
9183.jpg,0.6285258
9184.jpg,0.49440843
9185.jpg,0.31303272
9186.jpg,0.5830728
9187.jpg,0.5645264
9188.jpg,0.25859153
9189.jpg,0.5024171
9190.jpg,0.43924695
9191.jpg,0.7467692
9192.jpg,0.11717611
9193.jpg,0.5547423
9194.jpg,0.3550662
9195.jpg,0.58093184
9196.jpg,0.546838
9197.jpg,0.55042493
9198.jpg,0.50954664
9199.jpg,0.30805725
9200.jpg,0.2882083
9201.jpg,0.30917048
9202.jpg,0.38403252
9203.jpg,0.31879324
9204.jpg,0.37993366
9205.jpg,0.55160546
9206.jpg,0.27720046
9207.jpg,0.33953694
9208.jpg,0.4087981
9209.jpg,0.22633283
9210.jpg,0.48163918
9211.jpg,0.23192579
9212.jpg,0.40981156
9213.jpg,0.20316805
9214.jpg,0.7193803
9215.jpg,0.6740556
9216.jpg,0.29289567
9217.jpg,0.6904324
9218.jpg,0.32018712
9219.jpg,0.2731913
9220.jpg,0.46532688
9221.jpg,0.39062917
9222.jpg,0.28510192
9223.jpg,0.32987186
9224.jpg,0.3438418
9225.jpg,0.70105934
9226.jpg,0.60955757
9227.jpg,0.53006583
9228.jpg,0.55486155
9229.jpg,0.6647724
9230.jpg,0.36220104
9231.jpg,0.32180315
9232.jpg,0.75056356
9233.jpg,0.7457061
9234.jpg,0.22272265
9235.jpg,0.14399858
9236.jpg,0.21227273
9237.jpg,0.15136571
9238.jpg,0.3160374
9239.jpg,0.5530438
9240.jpg,0.5923667
9241.jpg,0.5575151
9242.jpg,0.7202977
9243.jpg,0.5084278
9244.jpg,0.33129585
9245.jpg,0.30683312
9246.jpg,0.7461363
9247.jpg,0.23952441
9248.jpg,0.35747373
9249.jpg,0.23191248
9250.jpg,0.76539147
9251.jpg,0.64578605
9252.jpg,0.4795581
9253.jpg,0.5559815
9254.jpg,0.46444064
9255.jpg,0.76179147
9256.jpg,0.16831538
9257.jpg,0.42567235
9258.jpg,0.28293222
9259.jpg,0.26207322
9260.jpg,0.344885
9261.jpg,0.4664917
9262.jpg,0.23699336
9263.jpg,0.59171945
9264.jpg,0.61039174
9265.jpg,0.6483162
9266.jpg,0.53037864
9267.jpg,0.47259307
9268.jpg,0.25507796
9269.jpg,0.57364076
9270.jpg,0.41837457
9271.jpg,0.2650688
9272.jpg,0.7180703
9273.jpg,0.5261104
9274.jpg,0.16381228
9275.jpg,0.4906454
9276.jpg,0.2989798
9277.jpg,0.28817582
9278.jpg,0.72357196
9279.jpg,0.72254324
9280.jpg,0.67824465
9281.jpg,0.28607404
9282.jpg,0.54811484
9283.jpg,0.13708451
9284.jpg,0.3435679
9285.jpg,0.18862157
9286.jpg,0.07338852
9287.jpg,0.611886
9288.jpg,0.43065035
9289.jpg,0.5999541
9290.jpg,0.5452099
9291.jpg,0.4246934
9292.jpg,0.6690789
9293.jpg,0.3239358
9294.jpg,0.32516328
9295.jpg,0.2940074
9296.jpg,0.28577155
9297.jpg,0.53905135
9298.jpg,0.36384383
9299.jpg,0.55501115
9300.jpg,0.3845136
9301.jpg,0.23992525
9302.jpg,0.32754898
9303.jpg,0.18117525
9304.jpg,0.4934239
9305.jpg,0.57010335
9306.jpg,0.52596235
9307.jpg,0.32725602
9308.jpg,0.90060097
9309.jpg,0.41851366
9310.jpg,0.55533755
9311.jpg,0.26555443
9312.jpg,0.25462648
9313.jpg,0.40516523
9314.jpg,0.35123935
9315.jpg,0.47884652
9316.jpg,0.3275762
9317.jpg,0.60990644
9318.jpg,0.4428974
9319.jpg,0.21677543
9320.jpg,0.6156885
9321.jpg,0.29140934
9322.jpg,0.25426677
9323.jpg,0.52084166
9324.jpg,0.16236492
9325.jpg,0.26926512
9326.jpg,0.34630722
9327.jpg,0.5577589
9328.jpg,0.5241918
9329.jpg,0.5325736
9330.jpg,0.1692558
9331.jpg,0.336637
9332.jpg,0.43199185
9333.jpg,0.47030514
9334.jpg,0.23266488
9335.jpg,0.46669793
9336.jpg,0.2688341
9337.jpg,0.71708024
9338.jpg,0.26951492
9339.jpg,0.38787073
9340.jpg,0.45656794
9341.jpg,0.4095518
9342.jpg,0.40455732
9343.jpg,0.30800593
9344.jpg,0.3238963
9345.jpg,0.5720845
9346.jpg,0.12991413
9347.jpg,0.35970184
9348.jpg,0.32745728
9349.jpg,0.7161026
9350.jpg,0.53092253
9351.jpg,0.28478372
9352.jpg,0.35229045
9353.jpg,0.258248
9354.jpg,0.28576168
9355.jpg,0.3318723
9356.jpg,0.5598633
9357.jpg,0.51737416
9358.jpg,0.29449
9359.jpg,0.8492952
9360.jpg,0.44869143
9361.jpg,0.31854382
9362.jpg,0.4356698
9363.jpg,0.4328266
9364.jpg,0.20583773
9365.jpg,0.3578769
9366.jpg,0.3586082
9367.jpg,0.5269554
9368.jpg,0.19614474
9369.jpg,0.25896922
9370.jpg,0.24937558
9371.jpg,0.27875334
9372.jpg,0.22961456
9373.jpg,0.7200674
9374.jpg,0.5032249
9375.jpg,0.4693847
9376.jpg,0.7716881
9377.jpg,0.4139679
9378.jpg,0.3885606
9379.jpg,0.4232729
9380.jpg,0.2850914
9381.jpg,0.4384741
9382.jpg,0.3869368
9383.jpg,0.56547946
9384.jpg,0.46440005
9385.jpg,0.31514397
9386.jpg,0.5267193
9387.jpg,0.34558532
9388.jpg,0.48469022
9389.jpg,0.6302966
9390.jpg,0.56552815
9391.jpg,0.4935769
9392.jpg,0.64794
9393.jpg,0.32485223
9394.jpg,0.5159538
9395.jpg,0.30877432
9396.jpg,0.34768093
9397.jpg,0.4553885
9398.jpg,0.78444064
9399.jpg,0.21520078
9400.jpg,0.5908742
9401.jpg,0.39497265
9402.jpg,0.83982944
9403.jpg,0.34318876
9404.jpg,0.352359
9405.jpg,0.20108904
9406.jpg,0.54628986
9407.jpg,0.2301524
9408.jpg,0.2782496
9409.jpg,0.45595014
9410.jpg,0.1253148
9411.jpg,0.5596961
9412.jpg,0.3487647
9413.jpg,0.5621016
9414.jpg,0.42154655
9415.jpg,0.6811085
9416.jpg,0.25768188
9417.jpg,0.57884586
9418.jpg,0.26157656
9419.jpg,0.49492612
9420.jpg,0.44193852
9421.jpg,0.1452274
9422.jpg,0.6414035
9423.jpg,0.23404753
9424.jpg,0.36284643
9425.jpg,0.9551283
9426.jpg,0.40772718
9427.jpg,0.15287583
9428.jpg,0.54857713
9429.jpg,0.20421493
9430.jpg,0.27479854
9431.jpg,0.42181772
9432.jpg,0.4970283
9433.jpg,0.4892415
9434.jpg,0.45595822
9435.jpg,0.15540147
9436.jpg,0.34384683
9437.jpg,0.65854514
9438.jpg,0.2283492
9439.jpg,0.33727327
9440.jpg,0.5300148
9441.jpg,0.19904707
9442.jpg,0.6918402
9443.jpg,0.22491662
9444.jpg,0.35918927
9445.jpg,0.42148364
9446.jpg,0.7457569
9447.jpg,0.3250378
9448.jpg,0.121624015
9449.jpg,0.33221558
9450.jpg,0.4250419
9451.jpg,0.36110228
9452.jpg,0.40878144
9453.jpg,0.6336579
9454.jpg,0.3364213
9455.jpg,0.68199736
9456.jpg,0.19494373
9457.jpg,0.34364602
9458.jpg,0.6265171
9459.jpg,0.3946503
9460.jpg,0.31609014
9461.jpg,0.5533937
9462.jpg,0.66764915
9463.jpg,0.25442412
9464.jpg,0.41883478
9465.jpg,0.20474447
9466.jpg,0.45454037
9467.jpg,0.20760126
9468.jpg,0.41075698
9469.jpg,0.44098005
9470.jpg,0.43121037
9471.jpg,0.49564013
9472.jpg,0.44465053
9473.jpg,0.4177549
9474.jpg,0.53655684
9475.jpg,0.56209207
9476.jpg,0.47306365
9477.jpg,0.66508096
9478.jpg,0.27105737
9479.jpg,0.18924244
9480.jpg,0.3423304
9481.jpg,0.40154293
9482.jpg,0.22496709
9483.jpg,0.11442183
9484.jpg,0.45494112
9485.jpg,0.5537463
9486.jpg,0.20785992
9487.jpg,0.28324905
9488.jpg,0.2315236
9489.jpg,0.5769287
9490.jpg,0.17213552
9491.jpg,0.54435724
9492.jpg,0.453939
9493.jpg,0.32179734
9494.jpg,0.18882795
9495.jpg,0.23100156
9496.jpg,0.5692206
9497.jpg,0.4022919
9498.jpg,0.63319415
9499.jpg,0.32343146
9500.jpg,0.53916043
9501.jpg,0.3700885
9502.jpg,0.5073278
9503.jpg,0.3915877
9504.jpg,0.117357776
9505.jpg,0.27194265
9506.jpg,0.35264698
9507.jpg,0.4693185
9508.jpg,0.35937983
9509.jpg,0.24373996
9510.jpg,0.55152327
9511.jpg,0.5924312
9512.jpg,0.22428484
9513.jpg,0.34556222
9514.jpg,0.3198277
9515.jpg,0.73064846
9516.jpg,0.7149276
9517.jpg,0.19377863
9518.jpg,0.563086
9519.jpg,0.55551606
9520.jpg,0.7423767
9521.jpg,0.8089962
9522.jpg,0.4871286
9523.jpg,0.40836963
9524.jpg,0.6245421
9525.jpg,0.19365509
9526.jpg,0.27638933
9527.jpg,0.35665718
9528.jpg,0.35623032
9529.jpg,0.5572586
9530.jpg,0.6613746
9531.jpg,0.24717252
9532.jpg,0.3174104
9533.jpg,0.2440416
9534.jpg,0.40924045
9535.jpg,0.3501514
9536.jpg,0.4248116
9537.jpg,0.18178602
9538.jpg,0.12969986
9539.jpg,0.54892707
9540.jpg,0.48429585
9541.jpg,0.46787438
9542.jpg,0.31459615
9543.jpg,0.39654094
9544.jpg,0.6427297
9545.jpg,0.28553614
9546.jpg,0.45292115
9547.jpg,0.25078186
9548.jpg,0.30305833
9549.jpg,0.32055905
9550.jpg,0.5935141
9551.jpg,0.24626668
9552.jpg,0.44255447
9553.jpg,0.36711136
9554.jpg,0.2926702
9555.jpg,0.38871875
9556.jpg,0.16149533
9557.jpg,0.7016239
9558.jpg,0.2132168
9559.jpg,0.5113057
9560.jpg,0.59515446
9561.jpg,0.6337009
9562.jpg,0.6538813
9563.jpg,0.59132916
9564.jpg,0.84302926
9565.jpg,0.83824253
9566.jpg,0.25801185
9567.jpg,0.09801683
9568.jpg,0.14087985
9569.jpg,0.3838554
9570.jpg,0.44896203
9571.jpg,0.13581283
9572.jpg,0.46290597
9573.jpg,0.8601084
9574.jpg,0.4450872
9575.jpg,0.6157757
9576.jpg,0.40301433
9577.jpg,0.6629265
9578.jpg,0.35987023
9579.jpg,0.4083888
9580.jpg,0.15824305
9581.jpg,0.81697243
9582.jpg,0.28200924
9583.jpg,0.68479455
9584.jpg,0.23134728
9585.jpg,0.36209133
9586.jpg,0.38640532
9587.jpg,0.22612067
9588.jpg,0.31204915
9589.jpg,0.28244743
9590.jpg,0.6813161
9591.jpg,0.42986366
9592.jpg,0.5447148
9593.jpg,0.5068338
9594.jpg,0.48148936
9595.jpg,0.34182146
9596.jpg,0.1700922
9597.jpg,0.19661568
9598.jpg,0.37495622
9599.jpg,0.7669998
9600.jpg,0.55797005
9601.jpg,0.31798753
9602.jpg,0.93891555
9603.jpg,0.30156702
9604.jpg,0.31095946
9605.jpg,0.46200204
9606.jpg,0.32281652
9607.jpg,0.29142183
9608.jpg,0.5882361
9609.jpg,0.4748828
9610.jpg,0.43226576
9611.jpg,0.36165145
9612.jpg,0.11044128
9613.jpg,0.7572373
9614.jpg,0.25383055
9615.jpg,0.55271965
9616.jpg,0.3742871
9617.jpg,0.2831374
9618.jpg,0.27903003
9619.jpg,0.34449995
9620.jpg,0.45468014
9621.jpg,0.44716918
9622.jpg,0.4862763
9623.jpg,0.31085336
9624.jpg,0.48900586
9625.jpg,0.5589794
9626.jpg,0.2875847
9627.jpg,0.21697544
9628.jpg,0.5234506
9629.jpg,0.6184184
9630.jpg,0.39238784
9631.jpg,0.42554212
9632.jpg,0.14886676
9633.jpg,0.3147307
9634.jpg,0.56382424
9635.jpg,0.72777605
9636.jpg,0.679531
9637.jpg,0.32144386
9638.jpg,0.39672202
9639.jpg,0.56917363
9640.jpg,0.8517852
9641.jpg,0.30502015
9642.jpg,0.40295374
9643.jpg,0.6419299
9644.jpg,0.6374184
9645.jpg,0.2629187
9646.jpg,0.3090188
9647.jpg,0.28301758
9648.jpg,0.19685166
9649.jpg,0.76722944
9650.jpg,0.46555448
9651.jpg,0.30908573
9652.jpg,0.49983183
9653.jpg,0.41867295
9654.jpg,0.37312862
9655.jpg,0.5065938
9656.jpg,0.19077004
9657.jpg,0.39149925
9658.jpg,0.5112359
9659.jpg,0.4987903
9660.jpg,0.20407943
9661.jpg,0.33067366
9662.jpg,0.63973194
9663.jpg,0.24316671
9664.jpg,0.5100509
9665.jpg,0.5829923
9666.jpg,0.4089723
9667.jpg,0.21049757
9668.jpg,0.66306144
9669.jpg,0.16820428
9670.jpg,0.3336052
9671.jpg,0.30009562
9672.jpg,0.44029853
9673.jpg,0.4887129
9674.jpg,0.36855328
9675.jpg,0.45685348
9676.jpg,0.40216193
9677.jpg,0.48089406
9678.jpg,0.42812964
9679.jpg,0.520278
9680.jpg,0.33778864
9681.jpg,0.53674436
9682.jpg,0.6308703
9683.jpg,0.4461677
9684.jpg,0.22406887
9685.jpg,0.89187753
9686.jpg,0.31631508
9687.jpg,0.34084103
9688.jpg,0.64448535
9689.jpg,0.38586068
9690.jpg,0.3366195
9691.jpg,0.7960661
9692.jpg,0.5430121
9693.jpg,0.38032976
9694.jpg,0.4186843
9695.jpg,0.40779096
9696.jpg,0.2394363
9697.jpg,0.5180046
9698.jpg,0.3178411
9699.jpg,0.4837991
9700.jpg,0.35818565
9701.jpg,0.3363432
9702.jpg,0.20753251
9703.jpg,0.7107168
9704.jpg,0.1531601
9705.jpg,0.40488654
9706.jpg,0.31128758
9707.jpg,0.30063877
9708.jpg,0.4201445
9709.jpg,0.52520907
9710.jpg,0.44805712
9711.jpg,0.3214815
9712.jpg,0.878629
9713.jpg,0.34979334
9714.jpg,0.5027288
9715.jpg,0.606621
9716.jpg,0.41919193
9717.jpg,0.45911476
9718.jpg,0.31705463
9719.jpg,0.15672538
9720.jpg,0.39361414
9721.jpg,0.6954571
9722.jpg,0.58513814
9723.jpg,0.49519747
9724.jpg,0.282878
9725.jpg,0.43016523
9726.jpg,0.6507069
9727.jpg,0.3050122
9728.jpg,0.6103529
9729.jpg,0.27526993
9730.jpg,0.24236695
9731.jpg,0.26827323
9732.jpg,0.4877703
9733.jpg,0.35846522
9734.jpg,0.28739104
9735.jpg,0.20996793
9736.jpg,0.27756524
9737.jpg,0.3850594
9738.jpg,0.37772912
9739.jpg,0.3877765
9740.jpg,0.1935469
9741.jpg,0.34316722
9742.jpg,0.26039067
9743.jpg,0.368327
9744.jpg,0.9377502
9745.jpg,0.52740294
9746.jpg,0.54494774
9747.jpg,0.5216579
9748.jpg,0.3913241
9749.jpg,0.6077194
9750.jpg,0.4478881
9751.jpg,0.8495483
9752.jpg,0.4095395
9753.jpg,0.37446287
9754.jpg,0.65628314
9755.jpg,0.40005368
9756.jpg,0.26181906
9757.jpg,0.1607271
9758.jpg,0.1717752
9759.jpg,0.21889038
9760.jpg,0.52107126
9761.jpg,0.7137172
9762.jpg,0.22133368
9763.jpg,0.62686044
9764.jpg,0.32245427
9765.jpg,0.38704965
9766.jpg,0.8515424
9767.jpg,0.2900601
9768.jpg,0.6620203
9769.jpg,0.2218613
9770.jpg,0.6750697
9771.jpg,0.43980065
9772.jpg,0.59366333
9773.jpg,0.23017825
9774.jpg,0.1378607
9775.jpg,0.34502628
9776.jpg,0.3912139
9777.jpg,0.5576549
9778.jpg,0.35465005
9779.jpg,0.4171654
9780.jpg,0.5216422
9781.jpg,0.35611004
9782.jpg,0.24612257
9783.jpg,0.84862226
9784.jpg,0.31110507
9785.jpg,0.36626732
9786.jpg,0.2927271
9787.jpg,0.40391245
9788.jpg,0.6244862
9789.jpg,0.55188787
9790.jpg,0.663522
9791.jpg,0.36882252
9792.jpg,0.1500962
9793.jpg,0.58829826
9794.jpg,0.5623167
9795.jpg,0.3725981
9796.jpg,0.16341554
9797.jpg,0.5247135
9798.jpg,0.49720976
9799.jpg,0.44936624
9800.jpg,0.4102396
9801.jpg,0.3681449
9802.jpg,0.17184412
9803.jpg,0.26333913
9804.jpg,0.2742234
9805.jpg,0.5709455
9806.jpg,0.39967546
9807.jpg,0.40895414
9808.jpg,0.38340488
9809.jpg,0.36717093
9810.jpg,0.23641098
9811.jpg,0.48279825
9812.jpg,0.19689031
9813.jpg,0.4553924
9814.jpg,0.1732705
9815.jpg,0.37074715
9816.jpg,0.667387
9817.jpg,0.6473438
9818.jpg,0.5507545
9819.jpg,0.63930094
9820.jpg,0.3917005
9821.jpg,0.24954726
9822.jpg,0.5700993
9823.jpg,0.50772244
9824.jpg,0.74086815
9825.jpg,0.42497313
9826.jpg,0.73179036
9827.jpg,0.2966656
9828.jpg,0.24713014
9829.jpg,0.529575
9830.jpg,0.70076185
9831.jpg,0.7028646
9832.jpg,0.478534
9833.jpg,0.8198019
9834.jpg,0.26661262
9835.jpg,0.2601049
9836.jpg,0.43757468
9837.jpg,0.33405095
9838.jpg,0.35474157
9839.jpg,0.3136514
9840.jpg,0.3573979
9841.jpg,0.25452244
9842.jpg,0.4199595
9843.jpg,0.5970594
9844.jpg,0.5513891
9845.jpg,0.32183728
9846.jpg,0.40204078
9847.jpg,0.6463699
9848.jpg,0.28214785
9849.jpg,0.59761405
9850.jpg,0.4071819
9851.jpg,0.515404
9852.jpg,0.3915186
9853.jpg,0.3180029
9854.jpg,0.3700175
9855.jpg,0.49620697
9856.jpg,0.2496693
9857.jpg,0.41426286
9858.jpg,0.3278
9859.jpg,0.45697278
9860.jpg,0.29153487
9861.jpg,0.41226855
9862.jpg,0.48839778
9863.jpg,0.61387634
9864.jpg,0.34139735
9865.jpg,0.11908693
9866.jpg,0.14856942
9867.jpg,0.29815984
9868.jpg,0.38921678
9869.jpg,0.56870186
9870.jpg,0.44787928
9871.jpg,0.39840385
9872.jpg,0.18309449
9873.jpg,0.3689234
9874.jpg,0.25705338
9875.jpg,0.21496858
9876.jpg,0.4972883
9877.jpg,0.66149247
9878.jpg,0.15476656
9879.jpg,0.38662142
9880.jpg,0.46607617
9881.jpg,0.24205786
9882.jpg,0.5002554
9883.jpg,0.7548677
9884.jpg,0.16518882
9885.jpg,0.41571388
9886.jpg,0.63014823
9887.jpg,0.3238955
9888.jpg,0.3756402
9889.jpg,0.41426075
9890.jpg,0.33297145
9891.jpg,0.24744083
9892.jpg,0.30312657
9893.jpg,0.5586183
9894.jpg,0.41342324
9895.jpg,0.68833286
9896.jpg,0.49807465
9897.jpg,0.15222378
9898.jpg,0.3105448
9899.jpg,0.5958362
9900.jpg,0.46972123
9901.jpg,0.5550075
9902.jpg,0.36827594
9903.jpg,0.31682086
9904.jpg,0.6439835
9905.jpg,0.5744227
9906.jpg,0.54625225
9907.jpg,0.51139563
9908.jpg,0.610769
9909.jpg,0.24855289
9910.jpg,0.5227471
9911.jpg,0.34114555
9912.jpg,0.5881116
9913.jpg,0.33262312
9914.jpg,0.32617253
9915.jpg,0.58061385
9916.jpg,0.5604184
9917.jpg,0.68794376
9918.jpg,0.28620142
9919.jpg,0.6952817
9920.jpg,0.42678812
9921.jpg,0.61444736
9922.jpg,0.65515256
9923.jpg,0.55604154
9924.jpg,0.7067824
9925.jpg,0.29658055
9926.jpg,0.47809
9927.jpg,0.556213
9928.jpg,0.40400487
9929.jpg,0.56056565
9930.jpg,0.4452025
9931.jpg,0.15965918
9932.jpg,0.2572499
9933.jpg,0.4392785
9934.jpg,0.3304114
9935.jpg,0.34686044
9936.jpg,0.4582038
9937.jpg,0.21953088
9938.jpg,0.66376776
9939.jpg,0.3873568
9940.jpg,0.4412649
9941.jpg,0.3918079
9942.jpg,0.61776614
9943.jpg,0.5984022
9944.jpg,0.3723846
9945.jpg,0.23553407
9946.jpg,0.4821649
9947.jpg,0.6221325
9948.jpg,0.34795895
9949.jpg,0.5913229
9950.jpg,0.41207427
9951.jpg,0.4621956
9952.jpg,0.34224182
9953.jpg,0.7517132
9954.jpg,0.32275403
9955.jpg,0.4939356
9956.jpg,0.33942357
9957.jpg,0.31918627
9958.jpg,0.52901083
9959.jpg,0.4052533
9960.jpg,0.4288479
9961.jpg,0.25442863
9962.jpg,0.4289764
9963.jpg,0.60473955
9964.jpg,0.7788026
9965.jpg,0.62818784
9966.jpg,0.40784925
9967.jpg,0.47543615
9968.jpg,0.36287758
9969.jpg,0.5796399
9970.jpg,0.453475
9971.jpg,0.2482847
9972.jpg,0.37280643
9973.jpg,0.37689683
9974.jpg,0.37011987
9975.jpg,0.7119773
9976.jpg,0.37720215
9977.jpg,0.47835684
9978.jpg,0.08235853
9979.jpg,0.24403614
9980.jpg,0.3938327
9981.jpg,0.3685082
9982.jpg,0.33840546
9983.jpg,0.2809119
9984.jpg,0.3591643
9985.jpg,0.45324388
9986.jpg,0.5237533
9987.jpg,0.37098527
9988.jpg,0.4725367
9989.jpg,0.32526642
9990.jpg,0.2821767
9991.jpg,0.19215855
9992.jpg,0.5476447
9993.jpg,0.59827137
9994.jpg,0.82701933
9995.jpg,0.16727096
9996.jpg,0.28093642
9997.jpg,0.5385213
9998.jpg,0.29835618
9999.jpg,0.49536833
10000.jpg,0.3381033
10001.jpg,0.82569635
10002.jpg,0.61294985
10003.jpg,0.5506372
10004.jpg,0.3189646
10005.jpg,0.43201885
10006.jpg,0.6781123
10007.jpg,0.36664057
10008.jpg,0.43459556
10009.jpg,0.4723999
10010.jpg,0.6911128
10011.jpg,0.53659093
10012.jpg,0.46730393
10013.jpg,0.49764147
10014.jpg,0.63513964
10015.jpg,0.35981202
10016.jpg,0.32580033
10017.jpg,0.36526567
10018.jpg,0.4386172
10019.jpg,0.637831
10020.jpg,0.14888258
10021.jpg,0.24277008
10022.jpg,0.25895196
10023.jpg,0.48596084
10024.jpg,0.50754243
10025.jpg,0.29134175
10026.jpg,0.4011121
10027.jpg,0.45009753
10028.jpg,0.29791203
10029.jpg,0.525624
10030.jpg,0.38304606
10031.jpg,0.41567132
10032.jpg,0.53516006
10033.jpg,0.20302103
10034.jpg,0.31770244
10035.jpg,0.28060135
10036.jpg,0.28512153
10037.jpg,0.55056894
10038.jpg,0.6446688
10039.jpg,0.30419114
10040.jpg,0.3942816
10041.jpg,0.46919245
10042.jpg,0.6150819
10043.jpg,0.3977438
10044.jpg,0.53785026
10045.jpg,0.3619585
10046.jpg,0.301022
10047.jpg,0.38122466
10048.jpg,0.22307353
10049.jpg,0.39612648
10050.jpg,0.40931147
10051.jpg,0.27381173
10052.jpg,0.26033396
10053.jpg,0.13508373
10054.jpg,0.4512242
10055.jpg,0.4235996
10056.jpg,0.26578256
10057.jpg,0.22705992
10058.jpg,0.2938413
10059.jpg,0.28359634
10060.jpg,0.57835114
10061.jpg,0.59641117
10062.jpg,0.7169922
10063.jpg,0.28416646
10064.jpg,0.46591765
10065.jpg,0.5607589
10066.jpg,0.4481929
10067.jpg,0.6356526
10068.jpg,0.34679654
10069.jpg,0.3767923
10070.jpg,0.2987565
10071.jpg,0.52172726
10072.jpg,0.44559953
10073.jpg,0.2996263
10074.jpg,0.47090352
10075.jpg,0.36024615
10076.jpg,0.28976724
10077.jpg,0.42457825
10078.jpg,0.2780974
10079.jpg,0.57507664
10080.jpg,0.49379534
10081.jpg,0.5005064
10082.jpg,0.8930802
10083.jpg,0.20764838
10084.jpg,0.54754907
10085.jpg,0.3281213
10086.jpg,0.3165272
10087.jpg,0.190624
10088.jpg,0.5442527
10089.jpg,0.2933152
10090.jpg,0.6167837
10091.jpg,0.51100767
10092.jpg,0.4024828
10093.jpg,0.4816519
10094.jpg,0.4594395
10095.jpg,0.3991761
10096.jpg,0.19491358
10097.jpg,0.23526254
10098.jpg,0.35387847
10099.jpg,0.28310126
10100.jpg,0.14989929
10101.jpg,0.37806925
10102.jpg,0.607877
10103.jpg,0.4861119
10104.jpg,0.1317251
10105.jpg,0.46906754
10106.jpg,0.32972008
10107.jpg,0.33482072
10108.jpg,0.4428842
10109.jpg,0.5677146
10110.jpg,0.595041
10111.jpg,0.18881273
10112.jpg,0.47094458
10113.jpg,0.51817024
10114.jpg,0.21667096
10115.jpg,0.15687004
10116.jpg,0.68692946
10117.jpg,0.42107505
10118.jpg,0.63670474
10119.jpg,0.33322877
10120.jpg,0.29022518
10121.jpg,0.5807316
10122.jpg,0.37618566
10123.jpg,0.5773753
10124.jpg,0.2172876
10125.jpg,0.405511
10126.jpg,0.53867763
10127.jpg,0.39444295
10128.jpg,0.44983736
10129.jpg,0.411265
10130.jpg,0.46411228
10131.jpg,0.70174813
10132.jpg,0.13636048
10133.jpg,0.3539847
10134.jpg,0.5412851
10135.jpg,0.5424713
10136.jpg,0.44479942
10137.jpg,0.5537501
10138.jpg,0.73776895
10139.jpg,0.3139838
10140.jpg,0.43328828
10141.jpg,0.30430654
10142.jpg,0.30854124
10143.jpg,0.74764293
10144.jpg,0.3097529
10145.jpg,0.7046281
10146.jpg,0.29804072
10147.jpg,0.44472146
10148.jpg,0.2935611
10149.jpg,0.32025447
10150.jpg,0.5134118
10151.jpg,0.17609242
10152.jpg,0.11738057
10153.jpg,0.38398692
10154.jpg,0.37942737
10155.jpg,0.31504887
10156.jpg,0.19637659
10157.jpg,0.5253443
10158.jpg,0.4519851
10159.jpg,0.4238639
10160.jpg,0.5351712
10161.jpg,0.7479688
10162.jpg,0.3213161
10163.jpg,0.27661374
10164.jpg,0.58410037
10165.jpg,0.5881851
10166.jpg,0.2996651
10167.jpg,0.52543586
10168.jpg,0.25123695
10169.jpg,0.44510236
10170.jpg,0.2559222
10171.jpg,0.34849063
10172.jpg,0.41304657
10173.jpg,0.35615686
10174.jpg,0.40402353
10175.jpg,0.68964916
10176.jpg,0.3155134
10177.jpg,0.6620163
10178.jpg,0.34764695
10179.jpg,0.31326607
10180.jpg,0.21978113
10181.jpg,0.3635352
10182.jpg,0.46153829
10183.jpg,0.6922884
10184.jpg,0.50563765
10185.jpg,0.40832594
10186.jpg,0.20527919
10187.jpg,0.4110971
10188.jpg,0.7978344
10189.jpg,0.44087744
10190.jpg,0.793141
10191.jpg,0.33958644
10192.jpg,0.45177826
10193.jpg,0.53595835
10194.jpg,0.5328044
10195.jpg,0.5614512
10196.jpg,0.46338463
10197.jpg,0.3670312
10198.jpg,0.39850152
10199.jpg,0.5144734
10200.jpg,0.26221493
10201.jpg,0.28508627
10202.jpg,0.3879252
10203.jpg,0.4229641
10204.jpg,0.28043124
10205.jpg,0.44250122
10206.jpg,0.41898662
10207.jpg,0.8474004
10208.jpg,0.4157182
10209.jpg,0.72158825
10210.jpg,0.43210915
10211.jpg,0.1751705
10212.jpg,0.41933587
10213.jpg,0.72108275
10214.jpg,0.5833323
10215.jpg,0.4856159
10216.jpg,0.47931865
10217.jpg,0.41767108
10218.jpg,0.18609953
10219.jpg,0.31122565
10220.jpg,0.7166648
10221.jpg,0.5760666
10222.jpg,0.31582403
10223.jpg,0.5727564
10224.jpg,0.44057715
10225.jpg,0.7250379
10226.jpg,0.18128328
10227.jpg,0.35417873
10228.jpg,0.8251322
10229.jpg,0.3624507
10230.jpg,0.3715361
10231.jpg,0.5220376
10232.jpg,0.24757507
10233.jpg,0.44713575
10234.jpg,0.30190164
10235.jpg,0.3836289
10236.jpg,0.514278
10237.jpg,0.4003052
10238.jpg,0.35252813
10239.jpg,0.3535119
10240.jpg,0.4245466
10241.jpg,0.39447337
10242.jpg,0.30925354
10243.jpg,0.49283427
10244.jpg,0.34608725
10245.jpg,0.25666878
10246.jpg,0.61371404
10247.jpg,0.4540529
10248.jpg,0.33210292
10249.jpg,0.26366937
10250.jpg,0.28046298
10251.jpg,0.55064106
10252.jpg,0.40776742
10253.jpg,0.46902916
10254.jpg,0.47943056
10255.jpg,0.32229948
10256.jpg,0.7998455
10257.jpg,0.24988261
10258.jpg,0.43699643
10259.jpg,0.44213155
10260.jpg,0.54513836
10261.jpg,0.24541989
10262.jpg,0.44263968
10263.jpg,0.32874385
10264.jpg,0.5096765
10265.jpg,0.5208251
10266.jpg,0.64448386
10267.jpg,0.5862462
10268.jpg,0.88314843
10269.jpg,0.5999842
10270.jpg,0.27909678
10271.jpg,0.42197427
10272.jpg,0.1574636
10273.jpg,0.68361336
10274.jpg,0.2646039
10275.jpg,0.5683686
10276.jpg,0.7303508
10277.jpg,0.31083846
10278.jpg,0.47534186
10279.jpg,0.27752158
10280.jpg,0.43723327
10281.jpg,0.5757084
10282.jpg,0.3719043
10283.jpg,0.56990546
10284.jpg,0.40593082
10285.jpg,0.45946294
10286.jpg,0.22118843
10287.jpg,0.64615107
10288.jpg,0.57546055
10289.jpg,0.35492882
10290.jpg,0.3374905
10291.jpg,0.31686792
10292.jpg,0.6107119
10293.jpg,0.13689518
10294.jpg,0.31547883
10295.jpg,0.40788984
10296.jpg,0.3280875
10297.jpg,0.57422966
10298.jpg,0.5018214
10299.jpg,0.55520475
10300.jpg,0.6474383
10301.jpg,0.32605633
10302.jpg,0.2938438
10303.jpg,0.4994461
10304.jpg,0.55164057
10305.jpg,0.31118792
10306.jpg,0.6538866
10307.jpg,0.17780286
10308.jpg,0.22516285
10309.jpg,0.74674875
10310.jpg,0.23281981
10311.jpg,0.4599057
10312.jpg,0.39730474
10313.jpg,0.6093864
10314.jpg,0.42239562
10315.jpg,0.2574068
10316.jpg,0.5637871
10317.jpg,0.4239934
10318.jpg,0.30768406
10319.jpg,0.28722417
10320.jpg,0.4548895
10321.jpg,0.41289634
10322.jpg,0.38704956
10323.jpg,0.7128653
10324.jpg,0.35728684
10325.jpg,0.21788669
10326.jpg,0.29716638
10327.jpg,0.52373093
10328.jpg,0.4758681
10329.jpg,0.8278582
10330.jpg,0.115338415
10331.jpg,0.29675385
10332.jpg,0.2777662
10333.jpg,0.2246415
10334.jpg,0.15826327
10335.jpg,0.3519505
10336.jpg,0.48324087
10337.jpg,0.59178007
10338.jpg,0.61156124
10339.jpg,0.2563525
10340.jpg,0.2241733
10341.jpg,0.35436776
10342.jpg,0.18682723
10343.jpg,0.9020876
10344.jpg,0.52935714
10345.jpg,0.58785284
10346.jpg,0.3190049
10347.jpg,0.44942126
10348.jpg,0.1308511
10349.jpg,0.34456602
10350.jpg,0.38549387
10351.jpg,0.30754656
10352.jpg,0.44041726
10353.jpg,0.5004274
10354.jpg,0.53914154
10355.jpg,0.30023438
10356.jpg,0.45546648
10357.jpg,0.45601925
10358.jpg,0.2280335
10359.jpg,0.29390097
10360.jpg,0.7930544
10361.jpg,0.5618843
10362.jpg,0.35072377
10363.jpg,0.37060827
10364.jpg,0.7106248
10365.jpg,0.60777354
10366.jpg,0.68268114
10367.jpg,0.39129448
10368.jpg,0.65526015
10369.jpg,0.5924201
10370.jpg,0.5047301
10371.jpg,0.3185186
10372.jpg,0.14543523
10373.jpg,0.472983
10374.jpg,0.51205415
10375.jpg,0.81081307
10376.jpg,0.4179227
10377.jpg,0.83944523
10378.jpg,0.5506546
10379.jpg,0.2637109
10380.jpg,0.27173704
10381.jpg,0.117431134
10382.jpg,0.27368027
10383.jpg,0.37682647
10384.jpg,0.4256443
10385.jpg,0.28127885
10386.jpg,0.64975137
10387.jpg,0.24372265
10388.jpg,0.56409276
10389.jpg,0.39587885
10390.jpg,0.42128602
10391.jpg,0.45524147
10392.jpg,0.25119844
10393.jpg,0.44821167
10394.jpg,0.17153086
10395.jpg,0.40766296
10396.jpg,0.38315108
10397.jpg,0.47218224
10398.jpg,0.44875187
10399.jpg,0.58473647
10400.jpg,0.3801418
10401.jpg,0.5056386
10402.jpg,0.21910508
10403.jpg,0.3581743
10404.jpg,0.42131713
10405.jpg,0.27423325
10406.jpg,0.4540894
10407.jpg,0.34823018
10408.jpg,0.29543254
10409.jpg,0.49743786
10410.jpg,0.32023337
10411.jpg,0.2257785
10412.jpg,0.41033256
10413.jpg,0.23322251
10414.jpg,0.49412993
10415.jpg,0.53079414
10416.jpg,0.30308574
10417.jpg,0.47869042
10418.jpg,0.14639708
10419.jpg,0.39302525
10420.jpg,0.40036845
10421.jpg,0.33272883
10422.jpg,0.5656371
10423.jpg,0.57327193
10424.jpg,0.21602356
10425.jpg,0.29886344
10426.jpg,0.38904044
10427.jpg,0.3027979
10428.jpg,0.48510274
10429.jpg,0.26720834
10430.jpg,0.51901513
10431.jpg,0.32569885
10432.jpg,0.4962281
10433.jpg,0.3367209
10434.jpg,0.71412927
10435.jpg,0.5470802
10436.jpg,0.11886705
10437.jpg,0.6223574
10438.jpg,0.42334598
10439.jpg,0.15182999
10440.jpg,0.45878303
10441.jpg,0.25280568
10442.jpg,0.4491142
10443.jpg,0.26469776
10444.jpg,0.40150598
10445.jpg,0.54322636
10446.jpg,0.6807433
10447.jpg,0.16655552
10448.jpg,0.30451968
10449.jpg,0.31568322
10450.jpg,0.60987496
10451.jpg,0.3508355
10452.jpg,0.44602585
10453.jpg,0.39029676
10454.jpg,0.41573915
10455.jpg,0.3901949
10456.jpg,0.5687193
10457.jpg,0.22344474
10458.jpg,0.17381589
10459.jpg,0.33661124
10460.jpg,0.39969546
10461.jpg,0.40192097
10462.jpg,0.30659002
10463.jpg,0.6827806
10464.jpg,0.52063733
10465.jpg,0.4759682
10466.jpg,0.60369176
10467.jpg,0.29377773
10468.jpg,0.69341475
10469.jpg,0.65883756
10470.jpg,0.65843177
10471.jpg,0.120891415
10472.jpg,0.38963133
10473.jpg,0.4541087
10474.jpg,0.49499843
10475.jpg,0.8001949
10476.jpg,0.5260635
10477.jpg,0.32629526
10478.jpg,0.25917655
10479.jpg,0.577471
10480.jpg,0.41998404
10481.jpg,0.36497638
10482.jpg,0.29714116
10483.jpg,0.3130269
10484.jpg,0.5585389
10485.jpg,0.57002336
10486.jpg,0.28301924
10487.jpg,0.34885812
10488.jpg,0.20680952
10489.jpg,0.4819892
10490.jpg,0.342704
10491.jpg,0.54754114
10492.jpg,0.38940176
10493.jpg,0.72526515
10494.jpg,0.13919032
10495.jpg,0.6563978
10496.jpg,0.59247506
10497.jpg,0.81192434
10498.jpg,0.62288654
10499.jpg,0.34810245
10500.jpg,0.21481806
10501.jpg,0.45896107
10502.jpg,0.54898983
10503.jpg,0.22608002
10504.jpg,0.41473258
10505.jpg,0.577633
10506.jpg,0.45779634
10507.jpg,0.5348868
10508.jpg,0.27828193
10509.jpg,0.38140967
10510.jpg,0.53505147
10511.jpg,0.36870927
10512.jpg,0.33259997
10513.jpg,0.5493769
10514.jpg,0.53896564
10515.jpg,0.6482376
10516.jpg,0.7529491
10517.jpg,0.43634912
10518.jpg,0.19100888
10519.jpg,0.2264078
10520.jpg,0.41122505
10521.jpg,0.38893488
10522.jpg,0.8953445
10523.jpg,0.27838612
10524.jpg,0.5588203
10525.jpg,0.3752691
10526.jpg,0.6220472
10527.jpg,0.23514761
10528.jpg,0.673948
10529.jpg,0.51972103
10530.jpg,0.58117473
10531.jpg,0.37045857
10532.jpg,0.34711662
10533.jpg,0.41967875
10534.jpg,0.23840393
10535.jpg,0.33850187
10536.jpg,0.47724977
10537.jpg,0.2177596
10538.jpg,0.5424373
10539.jpg,0.48407307
10540.jpg,0.43050623
10541.jpg,0.21264566
10542.jpg,0.58282214
10543.jpg,0.42663363
10544.jpg,0.3013154
10545.jpg,0.10237331
10546.jpg,0.66712373
10547.jpg,0.682926
10548.jpg,0.5039603
10549.jpg,0.40375963
10550.jpg,0.597626
10551.jpg,0.359026
10552.jpg,0.43343976
10553.jpg,0.3457138
10554.jpg,0.38444808
10555.jpg,0.56284
10556.jpg,0.52141654
10557.jpg,0.46917623
10558.jpg,0.19939968
10559.jpg,0.60674924
10560.jpg,0.62773603
10561.jpg,0.22685394
10562.jpg,0.50072443
10563.jpg,0.31881553
10564.jpg,0.71661764
10565.jpg,0.5305198
10566.jpg,0.17537616
10567.jpg,0.46113348
10568.jpg,0.5975915
10569.jpg,0.520131
10570.jpg,0.21873073
10571.jpg,0.67549396
10572.jpg,0.50405556
10573.jpg,0.5448643
10574.jpg,0.34119847
10575.jpg,0.7477724
10576.jpg,0.21532926
10577.jpg,0.51879394
10578.jpg,0.78410625
10579.jpg,0.39367148
10580.jpg,0.38449943
10581.jpg,0.2838697
10582.jpg,0.48951787
10583.jpg,0.340183
10584.jpg,0.5317972
10585.jpg,0.62114924
10586.jpg,0.55627865
10587.jpg,0.37838012
10588.jpg,0.30282953
10589.jpg,0.54139304
10590.jpg,0.28014055
10591.jpg,0.45696992
10592.jpg,0.13926333
10593.jpg,0.39486307
10594.jpg,0.36941278
10595.jpg,0.56757706
10596.jpg,0.5366457
10597.jpg,0.6554721
10598.jpg,0.3207577
10599.jpg,0.373374
10600.jpg,0.3235136
10601.jpg,0.28308073
10602.jpg,0.30644867
10603.jpg,0.17740789
10604.jpg,0.43147844
10605.jpg,0.31605935
10606.jpg,0.25510564
10607.jpg,0.46638432
10608.jpg,0.28814125
10609.jpg,0.31449723
10610.jpg,0.8854272
10611.jpg,0.44051638
10612.jpg,0.42584863
10613.jpg,0.50349337
10614.jpg,0.38226002
10615.jpg,0.6527108
10616.jpg,0.6072284
10617.jpg,0.30269143
10618.jpg,0.47156212
10619.jpg,0.17620333
10620.jpg,0.26883882
10621.jpg,0.3653059
10622.jpg,0.43552956
10623.jpg,0.7836539
10624.jpg,0.71927065
10625.jpg,0.34973237
10626.jpg,0.35573223
10627.jpg,0.3841735
10628.jpg,0.13542035
10629.jpg,0.2978341
10630.jpg,0.3575325
10631.jpg,0.58006763
10632.jpg,0.4774979
10633.jpg,0.42930552
10634.jpg,0.576251
10635.jpg,0.27592328
10636.jpg,0.3521649
10637.jpg,0.7457471
10638.jpg,0.55096537
10639.jpg,0.34663606
10640.jpg,0.52992576
10641.jpg,0.24441688
10642.jpg,0.42705885
10643.jpg,0.36338282
10644.jpg,0.17946474
10645.jpg,0.51779735
10646.jpg,0.28937417
10647.jpg,0.50875926
10648.jpg,0.36403084
10649.jpg,0.7127777
10650.jpg,0.57017916
10651.jpg,0.4189315
10652.jpg,0.2942027
10653.jpg,0.4237299
10654.jpg,0.6083094
10655.jpg,0.27267715
10656.jpg,0.6994536
10657.jpg,0.3080957
10658.jpg,0.4919933
10659.jpg,0.43800393
10660.jpg,0.34888402
10661.jpg,0.3637945
10662.jpg,0.5132053
10663.jpg,0.25871316
10664.jpg,0.31446135
10665.jpg,0.853386
10666.jpg,0.45127958
10667.jpg,0.6136434
10668.jpg,0.6509965
10669.jpg,0.8178701
10670.jpg,0.7510227
10671.jpg,0.20506111
10672.jpg,0.43842408
10673.jpg,0.37080625
10674.jpg,0.39166042
10675.jpg,0.3402418
10676.jpg,0.40352133
10677.jpg,0.64800614
10678.jpg,0.44891483
10679.jpg,0.2880621
10680.jpg,0.64137286
10681.jpg,0.6139998
10682.jpg,0.25798655
10683.jpg,0.30687734
10684.jpg,0.30306485
10685.jpg,0.48295072
10686.jpg,0.293157
10687.jpg,0.51223576
10688.jpg,0.23914893
10689.jpg,0.22289234
10690.jpg,0.34003004
10691.jpg,0.8103651
10692.jpg,0.3650926
10693.jpg,0.7254372
10694.jpg,0.25431082
10695.jpg,0.21943964
10696.jpg,0.5123698
10697.jpg,0.7860548
10698.jpg,0.35227382
10699.jpg,0.8605541
10700.jpg,0.2376375
10701.jpg,0.22838804
10702.jpg,0.24439639
10703.jpg,0.31817493
10704.jpg,0.41249177
10705.jpg,0.14160219
10706.jpg,0.24050519
10707.jpg,0.5553201
10708.jpg,0.22136883
10709.jpg,0.11407074
10710.jpg,0.5844046
10711.jpg,0.44785777
10712.jpg,0.46222624
10713.jpg,0.5498174
10714.jpg,0.66255426
10715.jpg,0.5171573
10716.jpg,0.76974374
10717.jpg,0.5642446
10718.jpg,0.2313461
10719.jpg,0.46511012
10720.jpg,0.43759626
10721.jpg,0.36974075
10722.jpg,0.26788634
10723.jpg,0.532992
10724.jpg,0.6385414
10725.jpg,0.50911224
10726.jpg,0.3790319
10727.jpg,0.5221711
10728.jpg,0.23110184
10729.jpg,0.690871
10730.jpg,0.82432425
10731.jpg,0.42183465
10732.jpg,0.3850444
10733.jpg,0.30264893
10734.jpg,0.17036808
10735.jpg,0.1471117
10736.jpg,0.117917195
10737.jpg,0.58262473
10738.jpg,0.12050906
10739.jpg,0.63832
10740.jpg,0.437192
10741.jpg,0.37916777
10742.jpg,0.23485924
10743.jpg,0.08942311
10744.jpg,0.517561
10745.jpg,0.62928945
10746.jpg,0.2805632
10747.jpg,0.56679684
10748.jpg,0.26119566
10749.jpg,0.5304742
10750.jpg,0.6192278
10751.jpg,0.39669508
10752.jpg,0.26333737
10753.jpg,0.81605494
10754.jpg,0.40675876
10755.jpg,0.7302535
10756.jpg,0.4223816
10757.jpg,0.52560496
10758.jpg,0.5336507
10759.jpg,0.6949927
10760.jpg,0.73348266
10761.jpg,0.27032912
10762.jpg,0.45130557
10763.jpg,0.3364966
10764.jpg,0.38189936
10765.jpg,0.44753304
10766.jpg,0.5099604
10767.jpg,0.4454346
10768.jpg,0.27975392
10769.jpg,0.23845717
10770.jpg,0.64333117
10771.jpg,0.4361672
10772.jpg,0.22889952
10773.jpg,0.35798356
10774.jpg,0.2662938
10775.jpg,0.47455764
10776.jpg,0.48773384
10777.jpg,0.42670253
10778.jpg,0.42562723
10779.jpg,0.43108323
10780.jpg,0.24590258
10781.jpg,0.4831543
10782.jpg,0.473136
10783.jpg,0.20547998
10784.jpg,0.5041669
10785.jpg,0.36034596
10786.jpg,0.4045355
10787.jpg,0.30959442
10788.jpg,0.4117042
10789.jpg,0.45354328
10790.jpg,0.35791838
10791.jpg,0.6643908
10792.jpg,0.420006
10793.jpg,0.25599986
10794.jpg,0.23336108
10795.jpg,0.57101303
10796.jpg,0.5011759
10797.jpg,0.6957143
10798.jpg,0.42150608
10799.jpg,0.48994443
10800.jpg,0.5004506
10801.jpg,0.44880655
10802.jpg,0.37519628
10803.jpg,0.20422237
10804.jpg,0.33464724
10805.jpg,0.41257337
10806.jpg,0.30406767
10807.jpg,0.44986388
10808.jpg,0.8799617
10809.jpg,0.79211855
10810.jpg,0.25885057
10811.jpg,0.36069596
10812.jpg,0.4083491
10813.jpg,0.44225293
10814.jpg,0.332847
10815.jpg,0.3424987
10816.jpg,0.30813724
10817.jpg,0.48468742
10818.jpg,0.9081171
10819.jpg,0.39737007
10820.jpg,0.67877597
10821.jpg,0.43664482
10822.jpg,0.3086437
10823.jpg,0.14345789
10824.jpg,0.47866106
10825.jpg,0.48208824
10826.jpg,0.20353009
10827.jpg,0.26734692
10828.jpg,0.5440098
10829.jpg,0.44821525
10830.jpg,0.30039114
10831.jpg,0.7989073
10832.jpg,0.5656933
10833.jpg,0.23289017
10834.jpg,0.24533837
10835.jpg,0.3445534
10836.jpg,0.5289553
10837.jpg,0.20345931
10838.jpg,0.3881963
10839.jpg,0.45965767
10840.jpg,0.31704774
10841.jpg,0.44469646
10842.jpg,0.59565246
10843.jpg,0.39182934
10844.jpg,0.33624238
10845.jpg,0.778183
10846.jpg,0.2498802
10847.jpg,0.43778348
10848.jpg,0.58748597
10849.jpg,0.74949825
10850.jpg,0.7476914
10851.jpg,0.21584511
10852.jpg,0.5270854
10853.jpg,0.763709
10854.jpg,0.33962595
10855.jpg,0.503732
10856.jpg,0.31288242
10857.jpg,0.56716937
10858.jpg,0.37210682
10859.jpg,0.4097204
10860.jpg,0.3962504
10861.jpg,0.15079488
10862.jpg,0.53497374
10863.jpg,0.6139413
10864.jpg,0.2774951
10865.jpg,0.47435924
10866.jpg,0.15079091
10867.jpg,0.24572147
10868.jpg,0.65910715
10869.jpg,0.3168618
10870.jpg,0.8122899
10871.jpg,0.41730502
10872.jpg,0.65562505
10873.jpg,0.51215076
10874.jpg,0.24093674
10875.jpg,0.82133526
10876.jpg,0.3534331
10877.jpg,0.35067523
10878.jpg,0.43570185
10879.jpg,0.5172324
10880.jpg,0.467099
10881.jpg,0.5157406
10882.jpg,0.45843586
10883.jpg,0.30114707
10884.jpg,0.6892425
10885.jpg,0.16602904
10886.jpg,0.2829456
10887.jpg,0.42781368
10888.jpg,0.35929322
10889.jpg,0.5246495
10890.jpg,0.5520931
10891.jpg,0.50907683
10892.jpg,0.25680488
10893.jpg,0.34379017
10894.jpg,0.75924516
10895.jpg,0.43784267
10896.jpg,0.65223104
10897.jpg,0.41731924
10898.jpg,0.48370332
10899.jpg,0.2947622
10900.jpg,0.31592435
10901.jpg,0.29893845
10902.jpg,0.7714176
10903.jpg,0.18111935
10904.jpg,0.30030516
10905.jpg,0.4753814
10906.jpg,0.34863344
10907.jpg,0.5117997
10908.jpg,0.32173952
10909.jpg,0.5773479
10910.jpg,0.4250266
10911.jpg,0.36761108
10912.jpg,0.37730268
10913.jpg,0.41001573
10914.jpg,0.50520355
10915.jpg,0.2430794
10916.jpg,0.46816915
10917.jpg,0.4732719
10918.jpg,0.34865254
10919.jpg,0.26978132
10920.jpg,0.38320747
10921.jpg,0.54789007
10922.jpg,0.40067527
10923.jpg,0.4267393
10924.jpg,0.68314004
10925.jpg,0.38337728
10926.jpg,0.7421458
10927.jpg,0.41918778
10928.jpg,0.7804117
10929.jpg,0.3358897
10930.jpg,0.37092587
10931.jpg,0.34900415
10932.jpg,0.7149439
10933.jpg,0.33691505
10934.jpg,0.43966043
10935.jpg,0.2313907
10936.jpg,0.38561493
10937.jpg,0.5466294
10938.jpg,0.37952584
10939.jpg,0.274709
10940.jpg,0.7311075
10941.jpg,0.58501124
10942.jpg,0.42211536
10943.jpg,0.5262683
10944.jpg,0.4417744
10945.jpg,0.448117
10946.jpg,0.5811432
10947.jpg,0.3957465
10948.jpg,0.5383747
10949.jpg,0.24567121
10950.jpg,0.22944339
10951.jpg,0.37096295
10952.jpg,0.5471517
10953.jpg,0.30800447
10954.jpg,0.6321811
10955.jpg,0.44367033
10956.jpg,0.42778334
10957.jpg,0.4927933
10958.jpg,0.25646135
10959.jpg,0.38820955
10960.jpg,0.8840261
10961.jpg,0.65597254
10962.jpg,0.29655954
10963.jpg,0.56152934
10964.jpg,0.5808197
10965.jpg,0.2508936
10966.jpg,0.4995725
10967.jpg,0.38200426
10968.jpg,0.2749951
10969.jpg,0.5407499
10970.jpg,0.37970024
10971.jpg,0.53811693
10972.jpg,0.2010832
10973.jpg,0.22185606
10974.jpg,0.5026241
10975.jpg,0.48022568
10976.jpg,0.5033747
10977.jpg,0.48731822
10978.jpg,0.40303293
10979.jpg,0.36164436
10980.jpg,0.5987543
10981.jpg,0.42731178
10982.jpg,0.26353666
10983.jpg,0.2624367
10984.jpg,0.46722573
10985.jpg,0.5031363
10986.jpg,0.3609685
10987.jpg,0.27198708
10988.jpg,0.2808145
10989.jpg,0.28937954
10990.jpg,0.54021364
10991.jpg,0.883163
10992.jpg,0.42797604
10993.jpg,0.37683916
10994.jpg,0.26965705
10995.jpg,0.47155288
10996.jpg,0.46525586
10997.jpg,0.4696777
10998.jpg,0.49177185
10999.jpg,0.40747967
11000.jpg,0.39030284
11001.jpg,0.46590757
11002.jpg,0.26915047
11003.jpg,0.5829585
11004.jpg,0.4613273
11005.jpg,0.58680105
11006.jpg,0.516649
11007.jpg,0.59950566
11008.jpg,0.2302294
11009.jpg,0.39116138
11010.jpg,0.6216002
11011.jpg,0.46355018
11012.jpg,0.30552462
11013.jpg,0.54020596
11014.jpg,0.25715014
11015.jpg,0.34318632
11016.jpg,0.6117224
11017.jpg,0.33147225
11018.jpg,0.43112835
11019.jpg,0.38235772
11020.jpg,0.5353504
11021.jpg,0.29326645
11022.jpg,0.6263415
11023.jpg,0.28507754
11024.jpg,0.35591725
11025.jpg,0.4439425
11026.jpg,0.36261067
11027.jpg,0.45994905
11028.jpg,0.24929716
11029.jpg,0.3389947
11030.jpg,0.4541077
11031.jpg,0.39602107
11032.jpg,0.30055803
11033.jpg,0.4617105
11034.jpg,0.56490165
11035.jpg,0.8567872
11036.jpg,0.40249783
11037.jpg,0.42408848
11038.jpg,0.74957955
11039.jpg,0.2557533
11040.jpg,0.39766303
11041.jpg,0.43174562
11042.jpg,0.356674
11043.jpg,0.29413524
11044.jpg,0.43745664
11045.jpg,0.47960976
11046.jpg,0.4022642
11047.jpg,0.24231838
11048.jpg,0.47975498
11049.jpg,0.4473175
11050.jpg,0.23861048
11051.jpg,0.568792
11052.jpg,0.56202215
11053.jpg,0.45777678
11054.jpg,0.6025253
11055.jpg,0.36912718
11056.jpg,0.7039444
11057.jpg,0.4252203
11058.jpg,0.66519064
11059.jpg,0.41182086
11060.jpg,0.44551426
11061.jpg,0.47101498
11062.jpg,0.40957317
11063.jpg,0.5054929
11064.jpg,0.20712945
11065.jpg,0.29681763
11066.jpg,0.34655008
11067.jpg,0.29188117
11068.jpg,0.50746113
11069.jpg,0.4539334
11070.jpg,0.6431416
11071.jpg,0.2646195
11072.jpg,0.33678344
11073.jpg,0.28323892
11074.jpg,0.54841775
11075.jpg,0.44783705
11076.jpg,0.54628515
11077.jpg,0.56830174
11078.jpg,0.34954974
11079.jpg,0.7232225
11080.jpg,0.4603942
11081.jpg,0.4568483
11082.jpg,0.6054295
11083.jpg,0.26966044
11084.jpg,0.9154731
11085.jpg,0.43728986
11086.jpg,0.46379837
11087.jpg,0.40128598
11088.jpg,0.19585876
11089.jpg,0.3887883
11090.jpg,0.16734083
11091.jpg,0.20452324
11092.jpg,0.3176951
11093.jpg,0.24699281
11094.jpg,0.20060197
11095.jpg,0.3550651
11096.jpg,0.60345685
11097.jpg,0.4157489
11098.jpg,0.1878936
11099.jpg,0.12756985
11100.jpg,0.2969031
11101.jpg,0.33712423
11102.jpg,0.40321675
11103.jpg,0.23994413
11104.jpg,0.36138377
11105.jpg,0.73591375
11106.jpg,0.18512627
11107.jpg,0.55428094
11108.jpg,0.38535264
11109.jpg,0.43126658
11110.jpg,0.188815
11111.jpg,0.48339614
11112.jpg,0.21285704
11113.jpg,0.32325643
11114.jpg,0.4411053
11115.jpg,0.3176346
11116.jpg,0.3845943
11117.jpg,0.64689004
11118.jpg,0.5622552
11119.jpg,0.3384722
11120.jpg,0.1353245
11121.jpg,0.3507117
11122.jpg,0.24886557
11123.jpg,0.20873569
11124.jpg,0.50728947
11125.jpg,0.50609416
11126.jpg,0.66292274
11127.jpg,0.42969313
11128.jpg,0.43094522
11129.jpg,0.24961866
11130.jpg,0.36194217
11131.jpg,0.3052813
11132.jpg,0.170155
11133.jpg,0.35233903
11134.jpg,0.18714751
11135.jpg,0.8300748
11136.jpg,0.2772664
11137.jpg,0.5092617
11138.jpg,0.6047066
11139.jpg,0.27424538
11140.jpg,0.37372887
11141.jpg,0.40647644
11142.jpg,0.29194945
11143.jpg,0.3082334
11144.jpg,0.7807896
11145.jpg,0.4553622
11146.jpg,0.6357694
11147.jpg,0.5429911
11148.jpg,0.161506
11149.jpg,0.9259084
11150.jpg,0.778368
11151.jpg,0.4454656
11152.jpg,0.4794285
11153.jpg,0.37313494
11154.jpg,0.47449145
11155.jpg,0.1816162
11156.jpg,0.25473022
11157.jpg,0.55281514
11158.jpg,0.24996863
11159.jpg,0.46463168
11160.jpg,0.3767053
11161.jpg,0.3779289
11162.jpg,0.57937205
11163.jpg,0.29555282
11164.jpg,0.6212661
11165.jpg,0.71930873
11166.jpg,0.37273636
11167.jpg,0.28865594
11168.jpg,0.49959612
11169.jpg,0.6534603
11170.jpg,0.35588816
11171.jpg,0.410173
11172.jpg,0.24350752
11173.jpg,0.36486322
11174.jpg,0.8197288
11175.jpg,0.33493686
11176.jpg,0.79570526
11177.jpg,0.5299381
11178.jpg,0.29091924
11179.jpg,0.6988307
11180.jpg,0.508935
11181.jpg,0.5387475
11182.jpg,0.74589956
11183.jpg,0.43455803
11184.jpg,0.51372397
11185.jpg,0.29290396
11186.jpg,0.4207371
11187.jpg,0.46501085
11188.jpg,0.3672287
11189.jpg,0.35526097
11190.jpg,0.3927326
11191.jpg,0.29833442
11192.jpg,0.27077457
11193.jpg,0.48186916
11194.jpg,0.69408363
11195.jpg,0.30421793
11196.jpg,0.44087
11197.jpg,0.50564396
11198.jpg,0.7398033
11199.jpg,0.31112272
11200.jpg,0.39541072
11201.jpg,0.37668765
11202.jpg,0.36854085
11203.jpg,0.4348575
11204.jpg,0.41129175
11205.jpg,0.2693198
11206.jpg,0.3848139
11207.jpg,0.6049147
11208.jpg,0.5530833
11209.jpg,0.47824514
11210.jpg,0.15917829
11211.jpg,0.77298397
11212.jpg,0.20081927
11213.jpg,0.3102141
11214.jpg,0.3830193
11215.jpg,0.3303249
11216.jpg,0.4361162
11217.jpg,0.5590509
11218.jpg,0.29506472
11219.jpg,0.17662878
11220.jpg,0.7579421
11221.jpg,0.7362485
11222.jpg,0.37229937
11223.jpg,0.30303583
11224.jpg,0.31361943
11225.jpg,0.3108722
11226.jpg,0.33841965
11227.jpg,0.83040553
11228.jpg,0.15199082
11229.jpg,0.116959766
11230.jpg,0.5048182
11231.jpg,0.6632355
11232.jpg,0.2799386
11233.jpg,0.5452709
11234.jpg,0.4472877
11235.jpg,0.2258419
11236.jpg,0.6996388
11237.jpg,0.21279019
11238.jpg,0.52707404
11239.jpg,0.31040293
11240.jpg,0.25078267
11241.jpg,0.31485298
11242.jpg,0.47449693
11243.jpg,0.22187363
11244.jpg,0.61720145
11245.jpg,0.66815424
11246.jpg,0.07924183
11247.jpg,0.48315442
11248.jpg,0.37152335
11249.jpg,0.3077604
11250.jpg,0.573714
11251.jpg,0.3513347
11252.jpg,0.116131015
11253.jpg,0.275764
11254.jpg,0.2912232
11255.jpg,0.63086206
11256.jpg,0.28477645
11257.jpg,0.17851077
11258.jpg,0.6576408
11259.jpg,0.4061934
11260.jpg,0.24636948
11261.jpg,0.3249601
11262.jpg,0.36096463
11263.jpg,0.40436065
11264.jpg,0.21390446
11265.jpg,0.4143162
11266.jpg,0.49004042
11267.jpg,0.48649403
11268.jpg,0.2714352
11269.jpg,0.2435639
11270.jpg,0.27875733
11271.jpg,0.33139703
11272.jpg,0.5588995
11273.jpg,0.15239488
11274.jpg,0.16226675
11275.jpg,0.5789104
11276.jpg,0.33489177
11277.jpg,0.2356747
11278.jpg,0.19489819
11279.jpg,0.61685026
11280.jpg,0.5526749
11281.jpg,0.27259701
11282.jpg,0.5613859
11283.jpg,0.6522069
11284.jpg,0.5042588
11285.jpg,0.285351
11286.jpg,0.22492902
11287.jpg,0.49544427
11288.jpg,0.665299
11289.jpg,0.3226436
11290.jpg,0.7791385
11291.jpg,0.8012763
11292.jpg,0.5063568
11293.jpg,0.6986214
11294.jpg,0.53482336
11295.jpg,0.28137687
11296.jpg,0.21731661
11297.jpg,0.5383869
11298.jpg,0.41134977
11299.jpg,0.2311569
11300.jpg,0.19143881
11301.jpg,0.43400607
11302.jpg,0.53311926
11303.jpg,0.7365059
11304.jpg,0.12924913
11305.jpg,0.43013033
11306.jpg,0.44037163
11307.jpg,0.4273119
11308.jpg,0.4703561
11309.jpg,0.6290425
11310.jpg,0.6233222
11311.jpg,0.8313333
11312.jpg,0.46610937
11313.jpg,0.6197793
11314.jpg,0.68955666
11315.jpg,0.19684924
11316.jpg,0.43702716
11317.jpg,0.34855953
11318.jpg,0.2634274
11319.jpg,0.31323153
11320.jpg,0.38910097
11321.jpg,0.19375691
11322.jpg,0.4256239
11323.jpg,0.2925977
11324.jpg,0.3262441
11325.jpg,0.26280335
11326.jpg,0.37906423
11327.jpg,0.18597776
11328.jpg,0.5942241
11329.jpg,0.13435315
11330.jpg,0.46392557
11331.jpg,0.6451876
11332.jpg,0.35229206
11333.jpg,0.36485156
11334.jpg,0.430442
11335.jpg,0.28188738
11336.jpg,0.46743575
11337.jpg,0.38679412
11338.jpg,0.6179351
11339.jpg,0.78798354
11340.jpg,0.30741358
11341.jpg,0.64586556
11342.jpg,0.22151367
11343.jpg,0.40402806
11344.jpg,0.4721705
11345.jpg,0.48972827
11346.jpg,0.42574054
11347.jpg,0.50445247
11348.jpg,0.75096714
11349.jpg,0.34308538
11350.jpg,0.7212738
11351.jpg,0.28876442
11352.jpg,0.6078129
11353.jpg,0.51419264
11354.jpg,0.35500097
11355.jpg,0.38930362
11356.jpg,0.48648188
11357.jpg,0.5520593
11358.jpg,0.6821229
11359.jpg,0.37630165
11360.jpg,0.4081756
11361.jpg,0.6127144
11362.jpg,0.35627538
11363.jpg,0.5723769
11364.jpg,0.38598278
11365.jpg,0.49125287
11366.jpg,0.29541087
11367.jpg,0.33148655
11368.jpg,0.2731183
11369.jpg,0.20686682
11370.jpg,0.18801893
11371.jpg,0.57684594
11372.jpg,0.49391735
11373.jpg,0.40453053
11374.jpg,0.4118154
11375.jpg,0.6792321
11376.jpg,0.34078565
11377.jpg,0.5374013
11378.jpg,0.5290235
11379.jpg,0.6755832
11380.jpg,0.40759063
11381.jpg,0.15798758
11382.jpg,0.2935731
11383.jpg,0.3968298
11384.jpg,0.37194157
11385.jpg,0.45732564
11386.jpg,0.4027339
11387.jpg,0.29386988
11388.jpg,0.593191
11389.jpg,0.5304672
11390.jpg,0.44359493
11391.jpg,0.3844175
11392.jpg,0.48047316
11393.jpg,0.56256145
11394.jpg,0.18726897
11395.jpg,0.67987204
11396.jpg,0.4064255
11397.jpg,0.6043413
11398.jpg,0.3295206
11399.jpg,0.36719954
11400.jpg,0.5168768
11401.jpg,0.61068493
11402.jpg,0.526235
11403.jpg,0.5623187
11404.jpg,0.38814574
11405.jpg,0.4240449
11406.jpg,0.50790113
11407.jpg,0.36962846
11408.jpg,0.59261465
11409.jpg,0.4397584
11410.jpg,0.6601119
11411.jpg,0.5085333
11412.jpg,0.443928
11413.jpg,0.32812884
11414.jpg,0.676728
11415.jpg,0.2615616
11416.jpg,0.72946835
11417.jpg,0.88754785
11418.jpg,0.2511603
11419.jpg,0.3843091
11420.jpg,0.13134749
11421.jpg,0.4718639
11422.jpg,0.46854213
11423.jpg,0.66061145
11424.jpg,0.72492504
11425.jpg,0.4879281
11426.jpg,0.44477272
11427.jpg,0.18703285
11428.jpg,0.5096982
11429.jpg,0.15626635
11430.jpg,0.28590506
11431.jpg,0.28607017
11432.jpg,0.62825805
11433.jpg,0.24692544
11434.jpg,0.374803
11435.jpg,0.16463086
11436.jpg,0.6577991
11437.jpg,0.39584076
11438.jpg,0.65442526
11439.jpg,0.50044614
11440.jpg,0.6139705
11441.jpg,0.35489663
11442.jpg,0.42614132
11443.jpg,0.7936111
11444.jpg,0.3011152
11445.jpg,0.16516267
11446.jpg,0.42829365
11447.jpg,0.1990018
11448.jpg,0.41985714
11449.jpg,0.49151734
11450.jpg,0.22621907
11451.jpg,0.77012473
11452.jpg,0.6461558
11453.jpg,0.40737873
11454.jpg,0.39905828
11455.jpg,0.37804127
11456.jpg,0.4520633
11457.jpg,0.3110327
11458.jpg,0.6057547
11459.jpg,0.43868917
11460.jpg,0.43104017
11461.jpg,0.32872665
11462.jpg,0.5062795
11463.jpg,0.53478265
11464.jpg,0.23947987
11465.jpg,0.49216333
11466.jpg,0.5585031
11467.jpg,0.2607883
11468.jpg,0.25215802
11469.jpg,0.6146346
11470.jpg,0.57782143
11471.jpg,0.23401928
11472.jpg,0.6590793
11473.jpg,0.4066967
11474.jpg,0.32909682
11475.jpg,0.2247178
11476.jpg,0.47961742
11477.jpg,0.14202699
11478.jpg,0.60736614
11479.jpg,0.19271599
11480.jpg,0.26353255
11481.jpg,0.23864584
11482.jpg,0.11879941
11483.jpg,0.38979962
11484.jpg,0.4382838
11485.jpg,0.21469492
11486.jpg,0.42951578
11487.jpg,0.8264691
11488.jpg,0.45686582
11489.jpg,0.34984237
11490.jpg,0.19092242
11491.jpg,0.45196065
11492.jpg,0.5176824
11493.jpg,0.35985166
11494.jpg,0.5230945
11495.jpg,0.62888306
11496.jpg,0.6285212
11497.jpg,0.46802494
11498.jpg,0.31038687
11499.jpg,0.14141352
11500.jpg,0.21865591
11501.jpg,0.7231113
11502.jpg,0.25022718
11503.jpg,0.4914285
11504.jpg,0.51446134
11505.jpg,0.6191503
11506.jpg,0.5613807
11507.jpg,0.42725918
11508.jpg,0.28416866
11509.jpg,0.20393643
11510.jpg,0.63043225
11511.jpg,0.45288488
11512.jpg,0.4213582
11513.jpg,0.3797863
11514.jpg,0.3232664
11515.jpg,0.4855845
11516.jpg,0.4844665
11517.jpg,0.19270897
11518.jpg,0.567381
11519.jpg,0.29307678
11520.jpg,0.4014591
11521.jpg,0.17951795
11522.jpg,0.57143956
11523.jpg,0.39021605
11524.jpg,0.36121058
11525.jpg,0.55737716
11526.jpg,0.3741716
11527.jpg,0.43857932
11528.jpg,0.5555812
11529.jpg,0.53958285
11530.jpg,0.8466064
11531.jpg,0.66875803
11532.jpg,0.27384892
11533.jpg,0.26942644
11534.jpg,0.53429985
11535.jpg,0.5177538
11536.jpg,0.38917065
11537.jpg,0.38144103
11538.jpg,0.25100878
11539.jpg,0.39326888
11540.jpg,0.26298192
11541.jpg,0.5086318
